--
-- PostgreSQL database dump
--

-- Dumped from database version 12.14 (Ubuntu 12.14-0ubuntu0.20.04.1)
-- Dumped by pg_dump version 12.14 (Ubuntu 12.14-0ubuntu0.20.04.1)

SET statement_timeout = 0;
SET lock_timeout = 0;
SET idle_in_transaction_session_timeout = 0;
SET client_encoding = 'UTF8';
SET standard_conforming_strings = on;
SELECT pg_catalog.set_config('search_path', '', false);
SET check_function_bodies = false;
SET xmloption = content;
SET client_min_messages = warning;
SET row_security = off;

SET default_tablespace = '';

SET default_table_access_method = heap;

--
-- Name: auth_group; Type: TABLE; Schema: public; Owner: admin
--

CREATE TABLE public.auth_group (
    id integer NOT NULL,
    name character varying(150) NOT NULL
);


ALTER TABLE public.auth_group OWNER TO admin;

--
-- Name: auth_group_id_seq; Type: SEQUENCE; Schema: public; Owner: admin
--

ALTER TABLE public.auth_group ALTER COLUMN id ADD GENERATED BY DEFAULT AS IDENTITY (
    SEQUENCE NAME public.auth_group_id_seq
    START WITH 1
    INCREMENT BY 1
    NO MINVALUE
    NO MAXVALUE
    CACHE 1
);


--
-- Name: auth_group_permissions; Type: TABLE; Schema: public; Owner: admin
--

CREATE TABLE public.auth_group_permissions (
    id bigint NOT NULL,
    group_id integer NOT NULL,
    permission_id integer NOT NULL
);


ALTER TABLE public.auth_group_permissions OWNER TO admin;

--
-- Name: auth_group_permissions_id_seq; Type: SEQUENCE; Schema: public; Owner: admin
--

ALTER TABLE public.auth_group_permissions ALTER COLUMN id ADD GENERATED BY DEFAULT AS IDENTITY (
    SEQUENCE NAME public.auth_group_permissions_id_seq
    START WITH 1
    INCREMENT BY 1
    NO MINVALUE
    NO MAXVALUE
    CACHE 1
);


--
-- Name: auth_permission; Type: TABLE; Schema: public; Owner: admin
--

CREATE TABLE public.auth_permission (
    id integer NOT NULL,
    name character varying(255) NOT NULL,
    content_type_id integer NOT NULL,
    codename character varying(100) NOT NULL
);


ALTER TABLE public.auth_permission OWNER TO admin;

--
-- Name: auth_permission_id_seq; Type: SEQUENCE; Schema: public; Owner: admin
--

ALTER TABLE public.auth_permission ALTER COLUMN id ADD GENERATED BY DEFAULT AS IDENTITY (
    SEQUENCE NAME public.auth_permission_id_seq
    START WITH 1
    INCREMENT BY 1
    NO MINVALUE
    NO MAXVALUE
    CACHE 1
);


--
-- Name: auth_user; Type: TABLE; Schema: public; Owner: admin
--

CREATE TABLE public.auth_user (
    id integer NOT NULL,
    password character varying(128) NOT NULL,
    last_login timestamp with time zone,
    is_superuser boolean NOT NULL,
    username character varying(150) NOT NULL,
    first_name character varying(150) NOT NULL,
    last_name character varying(150) NOT NULL,
    email character varying(254) NOT NULL,
    is_staff boolean NOT NULL,
    is_active boolean NOT NULL,
    date_joined timestamp with time zone NOT NULL
);


ALTER TABLE public.auth_user OWNER TO admin;

--
-- Name: auth_user_groups; Type: TABLE; Schema: public; Owner: admin
--

CREATE TABLE public.auth_user_groups (
    id bigint NOT NULL,
    user_id integer NOT NULL,
    group_id integer NOT NULL
);


ALTER TABLE public.auth_user_groups OWNER TO admin;

--
-- Name: auth_user_groups_id_seq; Type: SEQUENCE; Schema: public; Owner: admin
--

ALTER TABLE public.auth_user_groups ALTER COLUMN id ADD GENERATED BY DEFAULT AS IDENTITY (
    SEQUENCE NAME public.auth_user_groups_id_seq
    START WITH 1
    INCREMENT BY 1
    NO MINVALUE
    NO MAXVALUE
    CACHE 1
);


--
-- Name: auth_user_id_seq; Type: SEQUENCE; Schema: public; Owner: admin
--

ALTER TABLE public.auth_user ALTER COLUMN id ADD GENERATED BY DEFAULT AS IDENTITY (
    SEQUENCE NAME public.auth_user_id_seq
    START WITH 1
    INCREMENT BY 1
    NO MINVALUE
    NO MAXVALUE
    CACHE 1
);


--
-- Name: auth_user_user_permissions; Type: TABLE; Schema: public; Owner: admin
--

CREATE TABLE public.auth_user_user_permissions (
    id bigint NOT NULL,
    user_id integer NOT NULL,
    permission_id integer NOT NULL
);


ALTER TABLE public.auth_user_user_permissions OWNER TO admin;

--
-- Name: auth_user_user_permissions_id_seq; Type: SEQUENCE; Schema: public; Owner: admin
--

ALTER TABLE public.auth_user_user_permissions ALTER COLUMN id ADD GENERATED BY DEFAULT AS IDENTITY (
    SEQUENCE NAME public.auth_user_user_permissions_id_seq
    START WITH 1
    INCREMENT BY 1
    NO MINVALUE
    NO MAXVALUE
    CACHE 1
);


--
-- Name: django_admin_log; Type: TABLE; Schema: public; Owner: admin
--

CREATE TABLE public.django_admin_log (
    id integer NOT NULL,
    action_time timestamp with time zone NOT NULL,
    object_id text,
    object_repr character varying(200) NOT NULL,
    action_flag smallint NOT NULL,
    change_message text NOT NULL,
    content_type_id integer,
    user_id integer NOT NULL,
    CONSTRAINT django_admin_log_action_flag_check CHECK ((action_flag >= 0))
);


ALTER TABLE public.django_admin_log OWNER TO admin;

--
-- Name: django_admin_log_id_seq; Type: SEQUENCE; Schema: public; Owner: admin
--

ALTER TABLE public.django_admin_log ALTER COLUMN id ADD GENERATED BY DEFAULT AS IDENTITY (
    SEQUENCE NAME public.django_admin_log_id_seq
    START WITH 1
    INCREMENT BY 1
    NO MINVALUE
    NO MAXVALUE
    CACHE 1
);


--
-- Name: django_content_type; Type: TABLE; Schema: public; Owner: admin
--

CREATE TABLE public.django_content_type (
    id integer NOT NULL,
    app_label character varying(100) NOT NULL,
    model character varying(100) NOT NULL
);


ALTER TABLE public.django_content_type OWNER TO admin;

--
-- Name: django_content_type_id_seq; Type: SEQUENCE; Schema: public; Owner: admin
--

ALTER TABLE public.django_content_type ALTER COLUMN id ADD GENERATED BY DEFAULT AS IDENTITY (
    SEQUENCE NAME public.django_content_type_id_seq
    START WITH 1
    INCREMENT BY 1
    NO MINVALUE
    NO MAXVALUE
    CACHE 1
);


--
-- Name: django_migrations; Type: TABLE; Schema: public; Owner: admin
--

CREATE TABLE public.django_migrations (
    id bigint NOT NULL,
    app character varying(255) NOT NULL,
    name character varying(255) NOT NULL,
    applied timestamp with time zone NOT NULL
);


ALTER TABLE public.django_migrations OWNER TO admin;

--
-- Name: django_migrations_id_seq; Type: SEQUENCE; Schema: public; Owner: admin
--

ALTER TABLE public.django_migrations ALTER COLUMN id ADD GENERATED BY DEFAULT AS IDENTITY (
    SEQUENCE NAME public.django_migrations_id_seq
    START WITH 1
    INCREMENT BY 1
    NO MINVALUE
    NO MAXVALUE
    CACHE 1
);


--
-- Name: django_session; Type: TABLE; Schema: public; Owner: admin
--

CREATE TABLE public.django_session (
    session_key character varying(40) NOT NULL,
    session_data text NOT NULL,
    expire_date timestamp with time zone NOT NULL
);


ALTER TABLE public.django_session OWNER TO admin;

--
-- Name: mainapp_cars; Type: TABLE; Schema: public; Owner: admin
--

CREATE TABLE public.mainapp_cars (
    id bigint NOT NULL,
    name character varying(100) NOT NULL,
    model character varying(100) NOT NULL,
    url character varying(100)
);


ALTER TABLE public.mainapp_cars OWNER TO admin;

--
-- Name: mainapp_cars_id_seq; Type: SEQUENCE; Schema: public; Owner: admin
--

ALTER TABLE public.mainapp_cars ALTER COLUMN id ADD GENERATED BY DEFAULT AS IDENTITY (
    SEQUENCE NAME public.mainapp_cars_id_seq
    START WITH 1
    INCREMENT BY 1
    NO MINVALUE
    NO MAXVALUE
    CACHE 1
);


--
-- Name: mainapp_category; Type: TABLE; Schema: public; Owner: admin
--

CREATE TABLE public.mainapp_category (
    id bigint NOT NULL,
    name character varying(100) NOT NULL,
    url character varying(100) NOT NULL
);


ALTER TABLE public.mainapp_category OWNER TO admin;

--
-- Name: mainapp_category_id_seq; Type: SEQUENCE; Schema: public; Owner: admin
--

ALTER TABLE public.mainapp_category ALTER COLUMN id ADD GENERATED BY DEFAULT AS IDENTITY (
    SEQUENCE NAME public.mainapp_category_id_seq
    START WITH 1
    INCREMENT BY 1
    NO MINVALUE
    NO MAXVALUE
    CACHE 1
);


--
-- Name: mainapp_partcard; Type: TABLE; Schema: public; Owner: admin
--

CREATE TABLE public.mainapp_partcard (
    id bigint NOT NULL,
    description character varying(1000) NOT NULL,
    car_year integer NOT NULL,
    fuel character varying(6) NOT NULL,
    volume character varying(3) NOT NULL,
    body_type character varying(11) NOT NULL,
    article character varying(10) NOT NULL,
    published_date timestamp with time zone NOT NULL,
    price integer,
    car_id bigint,
    category_id bigint,
    CONSTRAINT mainapp_partcard_car_year_check CHECK ((car_year >= 0))
);


ALTER TABLE public.mainapp_partcard OWNER TO admin;

--
-- Name: mainapp_partcard_id_seq; Type: SEQUENCE; Schema: public; Owner: admin
--

ALTER TABLE public.mainapp_partcard ALTER COLUMN id ADD GENERATED BY DEFAULT AS IDENTITY (
    SEQUENCE NAME public.mainapp_partcard_id_seq
    START WITH 1
    INCREMENT BY 1
    NO MINVALUE
    NO MAXVALUE
    CACHE 1
);


--
-- Name: mainapp_photo; Type: TABLE; Schema: public; Owner: admin
--

CREATE TABLE public.mainapp_photo (
    id bigint NOT NULL,
    image character varying(100) NOT NULL,
    part_card_id bigint NOT NULL
);


ALTER TABLE public.mainapp_photo OWNER TO admin;

--
-- Name: mainapp_photo_id_seq; Type: SEQUENCE; Schema: public; Owner: admin
--

ALTER TABLE public.mainapp_photo ALTER COLUMN id ADD GENERATED BY DEFAULT AS IDENTITY (
    SEQUENCE NAME public.mainapp_photo_id_seq
    START WITH 1
    INCREMENT BY 1
    NO MINVALUE
    NO MAXVALUE
    CACHE 1
);


--
-- Data for Name: auth_group; Type: TABLE DATA; Schema: public; Owner: admin
--

COPY public.auth_group (id, name) FROM stdin;
\.


--
-- Data for Name: auth_group_permissions; Type: TABLE DATA; Schema: public; Owner: admin
--

COPY public.auth_group_permissions (id, group_id, permission_id) FROM stdin;
\.


--
-- Data for Name: auth_permission; Type: TABLE DATA; Schema: public; Owner: admin
--

COPY public.auth_permission (id, name, content_type_id, codename) FROM stdin;
1	Can add log entry	1	add_logentry
2	Can change log entry	1	change_logentry
3	Can delete log entry	1	delete_logentry
4	Can view log entry	1	view_logentry
5	Can add permission	2	add_permission
6	Can change permission	2	change_permission
7	Can delete permission	2	delete_permission
8	Can view permission	2	view_permission
9	Can add group	3	add_group
10	Can change group	3	change_group
11	Can delete group	3	delete_group
12	Can view group	3	view_group
13	Can add user	4	add_user
14	Can change user	4	change_user
15	Can delete user	4	delete_user
16	Can view user	4	view_user
17	Can add content type	5	add_contenttype
18	Can change content type	5	change_contenttype
19	Can delete content type	5	delete_contenttype
20	Can view content type	5	view_contenttype
21	Can add session	6	add_session
22	Can change session	6	change_session
23	Can delete session	6	delete_session
24	Can view session	6	view_session
25	Can add Категория	7	add_category
26	Can change Категория	7	change_category
27	Can delete Категория	7	delete_category
28	Can view Категория	7	view_category
29	Can add Марка авто	8	add_cars
30	Can change Марка авто	8	change_cars
31	Can delete Марка авто	8	delete_cars
32	Can view Марка авто	8	view_cars
33	Can add Запчасть	9	add_partcard
34	Can change Запчасть	9	change_partcard
35	Can delete Запчасть	9	delete_partcard
36	Can view Запчасть	9	view_partcard
37	Can add Фото	10	add_photo
38	Can change Фото	10	change_photo
39	Can delete Фото	10	delete_photo
40	Can view Фото	10	view_photo
\.


--
-- Data for Name: auth_user; Type: TABLE DATA; Schema: public; Owner: admin
--

COPY public.auth_user (id, password, last_login, is_superuser, username, first_name, last_name, email, is_staff, is_active, date_joined) FROM stdin;
1	pbkdf2_sha256$390000$cbHPw1fE6JSnyvp5z9Y74u$7kW1Mkt4WQ4HJEWt5rcigD3wY66/ol1GixwlxaxWdDo=	2023-03-21 02:04:28.018711+03	t	admin				t	t	2023-03-20 22:39:09.912288+03
\.


--
-- Data for Name: auth_user_groups; Type: TABLE DATA; Schema: public; Owner: admin
--

COPY public.auth_user_groups (id, user_id, group_id) FROM stdin;
\.


--
-- Data for Name: auth_user_user_permissions; Type: TABLE DATA; Schema: public; Owner: admin
--

COPY public.auth_user_user_permissions (id, user_id, permission_id) FROM stdin;
\.


--
-- Data for Name: django_admin_log; Type: TABLE DATA; Schema: public; Owner: admin
--

COPY public.django_admin_log (id, action_time, object_id, object_repr, action_flag, change_message, content_type_id, user_id) FROM stdin;
1	2023-03-23 00:28:49.858095+03	0	Датчик уровня топлива\n - Volkswagen Sharan	3		9	1
2	2023-03-23 00:29:46.906176+03	1	Антенна системы Комфортный доступ\n - Acura CL	1	[{"added": {}}]	9	1
3	2023-03-23 00:30:23.140167+03	3	Антенна системы Комфортный доступ\n	1	[{"added": {}}]	10	1
4	2023-03-23 00:33:22.971769+03	3	Антенна системы Комфортный доступ\n	3		10	1
5	2023-03-23 00:33:34.498731+03	1	Антенна системы Комфортный доступ\n - Acura CL	2	[{"added": {"name": "\\u0424\\u043e\\u0442\\u043e", "object": "\\u0410\\u043d\\u0442\\u0435\\u043d\\u043d\\u0430 \\u0441\\u0438\\u0441\\u0442\\u0435\\u043c\\u044b \\u041a\\u043e\\u043c\\u0444\\u043e\\u0440\\u0442\\u043d\\u044b\\u0439 \\u0434\\u043e\\u0441\\u0442\\u0443\\u043f\\n"}}]	9	1
6	2023-03-23 00:33:43.320025+03	4	Антенна системы Комфортный доступ\n	3		10	1
7	2023-03-23 00:33:49.451193+03	1	Антенна системы Комфортный доступ\n - Acura CL	3		9	1
\.


--
-- Data for Name: django_content_type; Type: TABLE DATA; Schema: public; Owner: admin
--

COPY public.django_content_type (id, app_label, model) FROM stdin;
1	admin	logentry
2	auth	permission
3	auth	group
4	auth	user
5	contenttypes	contenttype
6	sessions	session
7	mainapp	category
8	mainapp	cars
9	mainapp	partcard
10	mainapp	photo
\.


--
-- Data for Name: django_migrations; Type: TABLE DATA; Schema: public; Owner: admin
--

COPY public.django_migrations (id, app, name, applied) FROM stdin;
1	contenttypes	0001_initial	2023-03-20 22:12:17.827903+03
2	auth	0001_initial	2023-03-20 22:12:17.882592+03
3	admin	0001_initial	2023-03-20 22:12:17.90322+03
4	admin	0002_logentry_remove_auto_add	2023-03-20 22:12:17.912326+03
5	admin	0003_logentry_add_action_flag_choices	2023-03-20 22:12:17.92011+03
6	contenttypes	0002_remove_content_type_name	2023-03-20 22:12:17.935147+03
7	auth	0002_alter_permission_name_max_length	2023-03-20 22:12:17.942691+03
8	auth	0003_alter_user_email_max_length	2023-03-20 22:12:17.949793+03
9	auth	0004_alter_user_username_opts	2023-03-20 22:12:17.95855+03
10	auth	0005_alter_user_last_login_null	2023-03-20 22:12:17.966708+03
11	auth	0006_require_contenttypes_0002	2023-03-20 22:12:17.969077+03
12	auth	0007_alter_validators_add_error_messages	2023-03-20 22:12:17.976702+03
13	auth	0008_alter_user_username_max_length	2023-03-20 22:12:17.987497+03
14	auth	0009_alter_user_last_name_max_length	2023-03-20 22:12:17.995842+03
15	auth	0010_alter_group_name_max_length	2023-03-20 22:12:18.004405+03
16	auth	0011_update_proxy_permissions	2023-03-20 22:12:18.016677+03
17	auth	0012_alter_user_first_name_max_length	2023-03-20 22:12:18.025538+03
18	sessions	0001_initial	2023-03-20 22:12:18.041103+03
19	mainapp	0001_initial	2023-03-20 22:35:42.598971+03
20	mainapp	0002_alter_partcard_article	2023-03-23 00:50:30.403487+03
\.


--
-- Data for Name: django_session; Type: TABLE DATA; Schema: public; Owner: admin
--

COPY public.django_session (session_key, session_data, expire_date) FROM stdin;
iub2umxcxqevsjkhxd8pxhauxa7xo2w3	.eJxVjEEOwiAQRe_C2hBogQ4u3XsGwgxTqRpISrsy3l1JutDl_-_lvUSI-5bD3ngNSxJnocXp98NIDy4dpHsstyqplm1dUHZFHrTJa038vBzuXyDHlnt2UmgVsp2QaTRaJU2a5xHBEwxWgTGOPfJ3uhEAfEJyNoJXg5k9k3h_ANqHN7k:1peOYG:LG9X1lGfKDcvFqdb87EEq25UtF1HIesxRaCbW2a0K1g	2023-04-04 02:04:28.023221+03
\.


--
-- Data for Name: mainapp_cars; Type: TABLE DATA; Schema: public; Owner: admin
--

COPY public.mainapp_cars (id, name, model, url) FROM stdin;
0	Acura	CL	acura_CL
1	Acura	ILX	acura_ILX
2	Acura	Integra	acura_Integra
3	Acura	Legend	acura_Legend
4	Acura	MDX	acura_MDX
5	Acura	RDX	acura_RDX
6	Acura	RL	acura_RL
7	Acura	RLX	acura_RLX
8	Acura	RSX	acura_RSX
9	Acura	SLX	acura_SLX
10	Acura	TL	acura_TL
11	Acura	TLX	acura_TLX
12	Acura	TSX	acura_TSX
13	Acura	ZDX\n	acura_ZDX\n
14	Alfa Romeo	145	alfaromeo_145
15	Alfa Romeo	146	alfaromeo_146
16	Alfa Romeo	147	alfaromeo_147
17	Alfa Romeo	155	alfaromeo_155
18	Alfa Romeo	156	alfaromeo_156
19	Alfa Romeo	159	alfaromeo_159
20	Alfa Romeo	164	alfaromeo_164
21	Alfa Romeo	166	alfaromeo_166
22	Alfa Romeo	33	alfaromeo_33
23	Alfa Romeo	75	alfaromeo_75
24	Alfa Romeo	90	alfaromeo_90
25	Alfa Romeo	Brera	alfaromeo_Brera
26	Alfa Romeo	Giulia	alfaromeo_Giulia
27	Alfa Romeo	Giulietta	alfaromeo_Giulietta
28	Alfa Romeo	GT	alfaromeo_GT
29	Alfa Romeo	GTV	alfaromeo_GTV
30	Alfa Romeo	MiTo	alfaromeo_MiTo
31	Alfa Romeo	Spider	alfaromeo_Spider
32	Alfa Romeo	Stelvio\n	alfaromeo_Stelvio\n
33	Aprilia	Caponord	aprilia_Caponord
34	Aprilia	Mana	aprilia_Mana
35	Aprilia	Pegaso	aprilia_Pegaso
36	Aprilia	RS	aprilia_RS
37	Aprilia	RS4	aprilia_RS4
38	Aprilia	RSV	aprilia_RSV
39	Aprilia	RSV4	aprilia_RSV4
40	Aprilia	SL	aprilia_SL
41	Aprilia	Tuono\n	aprilia_Tuono\n
42	Arctic Cat	1000	arcticcat_1000
43	Arctic Cat	700	arcticcat_700
44	Arctic Cat	WildCat\n	arcticcat_WildCat\n
45	Aston Martin	DB11\n	astonmartin_DB11\n
46	Audi	100	audi_100
47	Audi	200	audi_200
48	Audi	80	audi_80
49	Audi	90	audi_90
50	Audi	A1	audi_A1
51	Audi	A2	audi_A2
52	Audi	A3	audi_A3
53	Audi	A4	audi_A4
54	Audi	A4 Allroad	audi_A4 Allroad
55	Audi	A5	audi_A5
56	Audi	A6	audi_A6
57	Audi	A6 Allroad	audi_A6 Allroad
58	Audi	A7	audi_A7
59	Audi	A8	audi_A8
60	Audi	Coupe	audi_Coupe
61	Audi	E-Tron	audi_E-Tron
62	Audi	Q2	audi_Q2
63	Audi	Q3	audi_Q3
64	Audi	Q4 E-tron	audi_Q4 E-tron
65	Audi	Q5	audi_Q5
66	Audi	Q7	audi_Q7
67	Audi	Q8	audi_Q8
68	Audi	R8	audi_R8
69	Audi	RS3	audi_RS3
70	Audi	RS4	audi_RS4
71	Audi	RS5	audi_RS5
72	Audi	RS6	audi_RS6
73	Audi	RS7	audi_RS7
74	Audi	RS Q3	audi_RS Q3
75	Audi	RS Q8	audi_RS Q8
76	Audi	S1	audi_S1
77	Audi	S3	audi_S3
78	Audi	S4	audi_S4
79	Audi	S5	audi_S5
80	Audi	S6	audi_S6
81	Audi	S7	audi_S7
82	Audi	S8	audi_S8
83	Audi	SQ5	audi_SQ5
84	Audi	SQ7	audi_SQ7
85	Audi	SQ8	audi_SQ8
86	Audi	TT	audi_TT
87	Audi	TT RS	audi_TT RS
88	Audi	TTS	audi_TTS
89	Audi	V8\n	audi_V8\n
90	Austin	Metro	austin_Metro
91	Austin	Montego\n	austin_Montego\n
92	BAW	Fenix\n	baw_Fenix\n
93	Bentley	Arnage	bentley_Arnage
94	Bentley	Azure	bentley_Azure
95	Bentley	Bentayga	bentley_Bentayga
96	Bentley	Continental	bentley_Continental
97	Bentley	Continental GT	bentley_Continental GT
98	Bentley	Flying Spur	bentley_Flying Spur
99	Bentley	Mulsanne\n	bentley_Mulsanne\n
100	BMW	02 E10	bmw_02 E10
101	BMW	1	bmw_1
102	BMW	1 E87/E81/E82/E88	bmw_1 E87/E81/E82/E88
103	BMW	1 F20/F21	bmw_1 F20/F21
104	BMW	1 F40	bmw_1 F40
105	BMW	2	bmw_2
106	BMW	2 F22/F23	bmw_2 F22/F23
107	BMW	2 F44	bmw_2 F44
108	BMW	2 F45/F46	bmw_2 F45/F46
109	BMW	2 G42	bmw_2 G42
110	BMW	2 U06	bmw_2 U06
111	BMW	3	bmw_3
112	BMW	3 E21	bmw_3 E21
113	BMW	3 E30	bmw_3 E30
114	BMW	3 E36	bmw_3 E36
115	BMW	3 E46	bmw_3 E46
116	BMW	3 E90/E91/E92/E93	bmw_3 E90/E91/E92/E93
117	BMW	3 F30/F31/GT F34	bmw_3 F30/F31/GT F34
118	BMW	3 G20/G21	bmw_3 G20/G21
119	BMW	4 F32/F33/GT F36	bmw_4 F32/F33/GT F36
120	BMW	4 G22/G23	bmw_4 G22/G23
121	BMW	5	bmw_5
122	BMW	5 E12	bmw_5 E12
123	BMW	5 E28	bmw_5 E28
124	BMW	5 E34	bmw_5 E34
125	BMW	5 E39	bmw_5 E39
126	BMW	5 E60/E61	bmw_5 E60/E61
127	BMW	5 F10/F11/GT F07	bmw_5 F10/F11/GT F07
128	BMW	5 G30/G31	bmw_5 G30/G31
129	BMW	6	bmw_6
130	BMW	6 E24	bmw_6 E24
131	BMW	6 E63/E64	bmw_6 E63/E64
132	BMW	6 F06/F12/F13	bmw_6 F06/F12/F13
133	BMW	6 G32	bmw_6 G32
134	BMW	7	bmw_7
135	BMW	7 E23	bmw_7 E23
136	BMW	7 E32	bmw_7 E32
137	BMW	7 E38	bmw_7 E38
138	BMW	7 E65/E66	bmw_7 E65/E66
139	BMW	7 F01/F02	bmw_7 F01/F02
140	BMW	7 G11/G12	bmw_7 G11/G12
141	BMW	8 E31	bmw_8 E31
142	BMW	8 G14/G15/G16	bmw_8 G14/G15/G16
143	BMW	i3	bmw_i3
144	BMW	i8	bmw_i8
145	BMW	iX1	bmw_iX1
146	BMW	iX3 G08	bmw_iX3 G08
147	BMW	iX I20	bmw_iX I20
148	BMW	M2 F87	bmw_M2 F87
149	BMW	M3	bmw_M3
150	BMW	M4 F82/F83	bmw_M4 F82/F83
151	BMW	M4 G82	bmw_M4 G82
152	BMW	M5	bmw_M5
153	BMW	M6	bmw_M6
154	BMW	M8	bmw_M8
155	BMW	X1	bmw_X1
156	BMW	X1 E84	bmw_X1 E84
157	BMW	X1 F48	bmw_X1 F48
158	BMW	X1 U11	bmw_X1 U11
159	BMW	X2 F39	bmw_X2 F39
160	BMW	X3	bmw_X3
161	BMW	X3 E83	bmw_X3 E83
162	BMW	X3 F25	bmw_X3 F25
163	BMW	X3 G01	bmw_X3 G01
164	BMW	X3 M F97	bmw_X3 M F97
165	BMW	X4	bmw_X4
166	BMW	X4 F26	bmw_X4 F26
167	BMW	X4 G02	bmw_X4 G02
168	BMW	X4 M F98	bmw_X4 M F98
169	BMW	X5	bmw_X5
170	BMW	X5 E53	bmw_X5 E53
171	BMW	X5 E70	bmw_X5 E70
172	BMW	X5 F15	bmw_X5 F15
173	BMW	X5 G05	bmw_X5 G05
174	BMW	X5 M E70	bmw_X5 M E70
175	BMW	X5 M F85	bmw_X5 M F85
176	BMW	X5 M F95	bmw_X5 M F95
177	BMW	X6	bmw_X6
178	BMW	X6 E71/E72	bmw_X6 E71/E72
179	BMW	X6 F16	bmw_X6 F16
180	BMW	X6 G06	bmw_X6 G06
181	BMW	X6 M F86	bmw_X6 M F86
182	BMW	X6 M F96	bmw_X6 M F96
183	BMW	X7 G07	bmw_X7 G07
184	BMW	Z1	bmw_Z1
185	BMW	Z3	bmw_Z3
186	BMW	Z4	bmw_Z4
187	BMW	Z8\n	bmw_Z8\n
188	BMW moto	C	bmwmoto_C
189	BMW moto	F	bmwmoto_F
190	BMW moto	GS	bmwmoto_GS
191	BMW moto	K	bmwmoto_K
192	BMW moto	R	bmwmoto_R
193	BMW moto	RS	bmwmoto_RS
194	BMW moto	S\n	bmwmoto_S\n
195	Brilliance	V5\n	brilliance_V5\n
196	BRP	Can-Am Ryker	brp_Can-Am Ryker
197	BRP	Can-Am Spyder\n	brp_Can-Am Spyder\n
198	Buick	Century	buick_Century
199	Buick	Enclave	buick_Enclave
200	Buick	Encore	buick_Encore
201	Buick	Encore GX	buick_Encore GX
202	Buick	Envision	buick_Envision
203	Buick	Excelle	buick_Excelle
204	Buick	Lacrosse	buick_Lacrosse
205	Buick	Le Sabre	buick_Le Sabre
206	Buick	Park-Avenue	buick_Park-Avenue
207	Buick	Rainier	buick_Rainier
208	Buick	Randevu	buick_Randevu
209	Buick	Regal	buick_Regal
210	Buick	Riviera	buick_Riviera
211	Buick	Roadmaster	buick_Roadmaster
212	Buick	Skylark\n	buick_Skylark\n
213	BYD	E6	byd_E6
214	BYD	F0	byd_F0
215	BYD	F3	byd_F3
216	BYD	Han	byd_Han
217	BYD	Song EV	byd_Song EV
218	BYD	Tang	byd_Tang
219	BYD	Yuan	byd_Yuan
220	BYD	Yuan EV\n	byd_Yuan EV\n
221	Cadillac	ATS	cadillac_ATS
222	Cadillac	BLS	cadillac_BLS
223	Cadillac	Catera	cadillac_Catera
224	Cadillac	CT6	cadillac_CT6
225	Cadillac	CTS	cadillac_CTS
226	Cadillac	Deville	cadillac_Deville
227	Cadillac	DTS	cadillac_DTS
228	Cadillac	Eldorado	cadillac_Eldorado
229	Cadillac	Escalade	cadillac_Escalade
230	Cadillac	Evoq	cadillac_Evoq
231	Cadillac	Seville	cadillac_Seville
232	Cadillac	SRX	cadillac_SRX
233	Cadillac	STS	cadillac_STS
234	Cadillac	XLR	cadillac_XLR
235	Cadillac	XT4	cadillac_XT4
236	Cadillac	XT5	cadillac_XT5
237	Cadillac	XT6	cadillac_XT6
238	Cadillac	XTS\n	cadillac_XTS\n
239	Cagiva	Canyon	cagiva_Canyon
240	Cagiva	Raptor	cagiva_Raptor
241	Cagiva	River\n	cagiva_River\n
242	CF Moto	650\n	cfmoto_650\n
243	Changan	CS35	changan_CS35
244	Changan	CS55	changan_CS55
245	Changan	CS75	changan_CS75
246	Changan	CS95	changan_CS95
247	Changan	Eado\n	changan_Eado\n
248	Chery	A1	chery_A1
249	Chery	A13	chery_A13
250	Chery	A5	chery_A5
251	Chery	Amulet	chery_Amulet
252	Chery	Bonus	chery_Bonus
253	Chery	CrossEastar	chery_CrossEastar
254	Chery	Fora	chery_Fora
255	Chery	Indis	chery_Indis
256	Chery	Kimo	chery_Kimo
257	Chery	M11 (A3)	chery_M11 (A3)
258	Chery	QQ	chery_QQ
259	Chery	QQ6 (S21)	chery_QQ6 (S21)
260	Chery	Tiggo	chery_Tiggo
261	Chery	Tiggo 7	chery_Tiggo 7
262	Chery	Tiggo 7 Pro	chery_Tiggo 7 Pro
263	Chery	Very\n	chery_Very\n
264	Chevrolet	Alero	chevrolet_Alero
265	Chevrolet	Astra	chevrolet_Astra
266	Chevrolet	Astro	chevrolet_Astro
267	Chevrolet	Avalanche	chevrolet_Avalanche
268	Chevrolet	Aveo	chevrolet_Aveo
269	Chevrolet	Beretta	chevrolet_Beretta
270	Chevrolet	Blazer	chevrolet_Blazer
271	Chevrolet	Bolt	chevrolet_Bolt
272	Chevrolet	Camaro	chevrolet_Camaro
273	Chevrolet	Caprice	chevrolet_Caprice
274	Chevrolet	Captiva	chevrolet_Captiva
275	Chevrolet	Cavalier	chevrolet_Cavalier
276	Chevrolet	Chevy Van	chevrolet_Chevy Van
277	Chevrolet	Cobalt	chevrolet_Cobalt
278	Chevrolet	Colorado	chevrolet_Colorado
279	Chevrolet	Corsica	chevrolet_Corsica
280	Chevrolet	Corvette	chevrolet_Corvette
281	Chevrolet	Cruze	chevrolet_Cruze
282	Chevrolet	Epica	chevrolet_Epica
283	Chevrolet	Equinox	chevrolet_Equinox
284	Chevrolet	Evanda	chevrolet_Evanda
285	Chevrolet	Express	chevrolet_Express
286	Chevrolet	HHR	chevrolet_HHR
287	Chevrolet	Impala	chevrolet_Impala
288	Chevrolet	Kalos	chevrolet_Kalos
289	Chevrolet	Lacetti	chevrolet_Lacetti
290	Chevrolet	Lanos	chevrolet_Lanos
291	Chevrolet	Lumina	chevrolet_Lumina
292	Chevrolet	Lumina-APV	chevrolet_Lumina-APV
293	Chevrolet	Malibu	chevrolet_Malibu
294	Chevrolet	Matiz	chevrolet_Matiz
295	Chevrolet	Metro	chevrolet_Metro
296	Chevrolet	Niva	chevrolet_Niva
297	Chevrolet	Nubira	chevrolet_Nubira
298	Chevrolet	Onix	chevrolet_Onix
299	Chevrolet	Orlando	chevrolet_Orlando
300	Chevrolet	Prizm	chevrolet_Prizm
301	Chevrolet	Rezzo	chevrolet_Rezzo
302	Chevrolet	S10	chevrolet_S10
303	Chevrolet	Sens	chevrolet_Sens
304	Chevrolet	Silverado	chevrolet_Silverado
305	Chevrolet	Spark	chevrolet_Spark
306	Chevrolet	Suburban	chevrolet_Suburban
307	Chevrolet	Tacuma	chevrolet_Tacuma
308	Chevrolet	Tahoe	chevrolet_Tahoe
309	Chevrolet	Tracker	chevrolet_Tracker
310	Chevrolet	TrailBlazer	chevrolet_TrailBlazer
311	Chevrolet	Transsport	chevrolet_Transsport
312	Chevrolet	Traverse	chevrolet_Traverse
313	Chevrolet	Trax	chevrolet_Trax
314	Chevrolet	Uplander	chevrolet_Uplander
315	Chevrolet	Van	chevrolet_Van
316	Chevrolet	Venture	chevrolet_Venture
317	Chevrolet	Viva	chevrolet_Viva
318	Chevrolet	Volt\n	chevrolet_Volt\n
319	Chrysler	200	chrysler_200
320	Chrysler	300C	chrysler_300C
321	Chrysler	300M	chrysler_300M
322	Chrysler	Aspen	chrysler_Aspen
323	Chrysler	Cirrus	chrysler_Cirrus
324	Chrysler	Concorde	chrysler_Concorde
325	Chrysler	Crossfire	chrysler_Crossfire
326	Chrysler	Daytona	chrysler_Daytona
327	Chrysler	Grand Voyager	chrysler_Grand Voyager
328	Chrysler	Intrepid	chrysler_Intrepid
329	Chrysler	Le Baron	chrysler_Le Baron
330	Chrysler	LHS	chrysler_LHS
331	Chrysler	Neon	chrysler_Neon
332	Chrysler	New-Yorker	chrysler_New-Yorker
333	Chrysler	Pacifica	chrysler_Pacifica
334	Chrysler	PT-Cruiser	chrysler_PT-Cruiser
335	Chrysler	Saratoga	chrysler_Saratoga
336	Chrysler	Sebring	chrysler_Sebring
337	Chrysler	Shadow	chrysler_Shadow
338	Chrysler	Stratus	chrysler_Stratus
339	Chrysler	Town-Country	chrysler_Town-Country
340	Chrysler	Viper	chrysler_Viper
341	Chrysler	Vision	chrysler_Vision
342	Chrysler	Voyager\n	chrysler_Voyager\n
343	Citroen	AX	citroen_AX
344	Citroen	Axel	citroen_Axel
345	Citroen	Berlingo	citroen_Berlingo
346	Citroen	BX	citroen_BX
347	Citroen	C1	citroen_C1
348	Citroen	C15	citroen_C15
349	Citroen	C2	citroen_C2
350	Citroen	C25	citroen_C25
351	Citroen	C3	citroen_C3
352	Citroen	C3 Aircross	citroen_C3 Aircross
353	Citroen	C3 Picasso	citroen_C3 Picasso
354	Citroen	C3 Pluriel	citroen_C3 Pluriel
355	Citroen	C4	citroen_C4
356	Citroen	C4 Aircross	citroen_C4 Aircross
357	Citroen	C4 Cactus	citroen_C4 Cactus
358	Citroen	C4 Grand Picasso	citroen_C4 Grand Picasso
359	Citroen	C4 Picasso	citroen_C4 Picasso
360	Citroen	C5	citroen_C5
361	Citroen	C5 Aircross	citroen_C5 Aircross
362	Citroen	C6	citroen_C6
363	Citroen	C8	citroen_C8
364	Citroen	C-Crosser	citroen_C-Crosser
365	Citroen	C-Elysee	citroen_C-Elysee
366	Citroen	DS3	citroen_DS3
367	Citroen	DS4	citroen_DS4
368	Citroen	DS5	citroen_DS5
369	Citroen	Evasion	citroen_Evasion
370	Citroen	J5	citroen_J5
371	Citroen	Jumper	citroen_Jumper
372	Citroen	Jumpy	citroen_Jumpy
373	Citroen	Nemo	citroen_Nemo
374	Citroen	Picasso	citroen_Picasso
375	Citroen	Relay	citroen_Relay
376	Citroen	Saxo	citroen_Saxo
377	Citroen	SpaceTourer	citroen_SpaceTourer
378	Citroen	Xantia	citroen_Xantia
379	Citroen	XM	citroen_XM
380	Citroen	Xsara	citroen_Xsara
381	Citroen	Xsara Picasso	citroen_Xsara Picasso
382	Citroen	ZX\n	citroen_ZX\n
383	Claas	Jaguar	claas_Jaguar
384	Claas	Lexion\n	claas_Lexion\n
385	Dacia	Dokker	dacia_Dokker
386	Dacia	Duster	dacia_Duster
387	Dacia	Lodgy	dacia_Lodgy
388	Dacia	Logan	dacia_Logan
389	Dacia	Logan MCV Stepway	dacia_Logan MCV Stepway
390	Dacia	Nova	dacia_Nova
391	Dacia	Sandero	dacia_Sandero
392	Dacia	Sandero Stepway	dacia_Sandero Stepway
393	Dacia	Solenza\n	dacia_Solenza\n
394	Daewoo	Damas	daewoo_Damas
395	Daewoo	Espero	daewoo_Espero
396	Daewoo	Evanda	daewoo_Evanda
397	Daewoo	Gentra	daewoo_Gentra
398	Daewoo	Kalos	daewoo_Kalos
399	Daewoo	Korando	daewoo_Korando
400	Daewoo	Lacetti	daewoo_Lacetti
401	Daewoo	Lanos	daewoo_Lanos
402	Daewoo	Leganza	daewoo_Leganza
403	Daewoo	Lublin	daewoo_Lublin
404	Daewoo	Magnus	daewoo_Magnus
405	Daewoo	Matiz	daewoo_Matiz
406	Daewoo	Musso	daewoo_Musso
407	Daewoo	Nexia	daewoo_Nexia
408	Daewoo	Nubira	daewoo_Nubira
409	Daewoo	Prince	daewoo_Prince
410	Daewoo	Rezzo	daewoo_Rezzo
411	Daewoo	Sens	daewoo_Sens
412	Daewoo	Tacuma	daewoo_Tacuma
413	Daewoo	Tico	daewoo_Tico
414	Daewoo	Tosca	daewoo_Tosca
415	Daewoo	Winstorm\n	daewoo_Winstorm\n
416	DAF	400	daf_400
417	DAF	45	daf_45
418	DAF	95	daf_95
419	DAF	CF	daf_CF
420	DAF	LF	daf_LF
421	DAF	XF\n	daf_XF\n
422	Daihatsu	Applause	daihatsu_Applause
423	Daihatsu	Charade	daihatsu_Charade
424	Daihatsu	Copen	daihatsu_Copen
425	Daihatsu	Cuore	daihatsu_Cuore
426	Daihatsu	Feroza	daihatsu_Feroza
427	Daihatsu	Fourtrak	daihatsu_Fourtrak
428	Daihatsu	Gran Move	daihatsu_Gran Move
429	Daihatsu	Materia	daihatsu_Materia
430	Daihatsu	Move	daihatsu_Move
431	Daihatsu	Rocky	daihatsu_Rocky
432	Daihatsu	Sirion	daihatsu_Sirion
433	Daihatsu	Storia	daihatsu_Storia
434	Daihatsu	Terios	daihatsu_Terios
435	Daihatsu	Trevis	daihatsu_Trevis
436	Daihatsu	YRV\n	daihatsu_YRV\n
437	Datsun	mi-DO	datsun_mi-DO
438	Datsun	on-DO  \n	datsun_on-DO  \n
439	Dennis	Eagle	dennis_Eagle
440	Dennis	Elite\n	dennis_Elite\n
441	Dodge	Avenger	dodge_Avenger
442	Dodge	Caliber	dodge_Caliber
443	Dodge	Caravan	dodge_Caravan
444	Dodge	Challenger	dodge_Challenger
445	Dodge	Charger	dodge_Charger
446	Dodge	Commander	dodge_Commander
447	Dodge	Dakota	dodge_Dakota
448	Dodge	Dart	dodge_Dart
449	Dodge	Daytona	dodge_Daytona
450	Dodge	Durango	dodge_Durango
451	Dodge	Grand Caravan	dodge_Grand Caravan
452	Dodge	Intrepid	dodge_Intrepid
453	Dodge	Journey	dodge_Journey
454	Dodge	Magnum	dodge_Magnum
455	Dodge	Neon	dodge_Neon
456	Dodge	Nitro	dodge_Nitro
457	Dodge	Ram	dodge_Ram
458	Dodge	Sebring	dodge_Sebring
459	Dodge	Shadow	dodge_Shadow
460	Dodge	Spirit	dodge_Spirit
461	Dodge	Sprinter	dodge_Sprinter
462	Dodge	Stealth	dodge_Stealth
463	Dodge	Stratus	dodge_Stratus
464	Dodge	Viper\n	dodge_Viper\n
465	DongFeng	AX7	dongfeng_AX7
466	DongFeng	H30 Cross\n	dongfeng_H30 Cross\n
467	DS	3	ds_3
468	DS	 3 Crossback	ds_ 3 Crossback
469	DS	4	ds_4
470	DS	5	ds_5
471	DS	7 Crossback\n	ds_7 Crossback\n
472	Ducati	1098	ducati_1098
473	Ducati	1198	ducati_1198
474	Ducati	750	ducati_750
475	Ducati	848	ducati_848
476	Ducati	899	ducati_899
477	Ducati	900	ducati_900
478	Ducati	Diavel	ducati_Diavel
479	Ducati	Hypermotard	ducati_Hypermotard
480	Ducati	Hyperstrada	ducati_Hyperstrada
481	Ducati	Monster	ducati_Monster
482	Ducati	Multistrada	ducati_Multistrada
483	Ducati	Scrambler	ducati_Scrambler
484	Ducati	ST	ducati_ST
485	Ducati	Streetfighter	ducati_Streetfighter
486	Ducati	Superbike	ducati_Superbike
487	Ducati	Super Sport\n	ducati_Super Sport\n
488	FAW	Vita\n	faw_Vita\n
489	Ferrari	360	ferrari_360
490	Ferrari	458	ferrari_458
491	Ferrari	488	ferrari_488
492	Ferrari	599\n	ferrari_599\n
493	Fiat	124 Spider	fiat_124 Spider
494	Fiat	500	fiat_500
495	Fiat	500e	fiat_500e
496	Fiat	500L	fiat_500L
497	Fiat	500X	fiat_500X
498	Fiat	Albea	fiat_Albea
499	Fiat	Barchetta	fiat_Barchetta
500	Fiat	Brava	fiat_Brava
501	Fiat	Bravo	fiat_Bravo
502	Fiat	Cinquecento	fiat_Cinquecento
503	Fiat	Coupe	fiat_Coupe
504	Fiat	Croma	fiat_Croma
505	Fiat	Doblo	fiat_Doblo
506	Fiat	Ducato	fiat_Ducato
507	Fiat	Fiorino	fiat_Fiorino
508	Fiat	Freemont	fiat_Freemont
509	Fiat	Fullback	fiat_Fullback
510	Fiat	Grande Punto	fiat_Grande Punto
511	Fiat	Idea	fiat_Idea
512	Fiat	Linea	fiat_Linea
513	Fiat	Marea	fiat_Marea
514	Fiat	Multipla	fiat_Multipla
515	Fiat	Palio	fiat_Palio
516	Fiat	Panda	fiat_Panda
517	Fiat	Punto	fiat_Punto
518	Fiat	Qubo	fiat_Qubo
519	Fiat	Regata	fiat_Regata
520	Fiat	Ritmo	fiat_Ritmo
521	Fiat	Scudo	fiat_Scudo
522	Fiat	Sedici	fiat_Sedici
523	Fiat	Seicento	fiat_Seicento
524	Fiat	Siena	fiat_Siena
525	Fiat	Stilo	fiat_Stilo
526	Fiat	Strada	fiat_Strada
527	Fiat	Talento	fiat_Talento
528	Fiat	Tempra	fiat_Tempra
529	Fiat	Tipo	fiat_Tipo
530	Fiat	Ulysse	fiat_Ulysse
531	Fiat	Uno\n	fiat_Uno\n
532	Ford	Aerostar	ford_Aerostar
533	Ford	B-Max 	ford_B-Max 
534	Ford	Bronco	ford_Bronco
535	Ford	Bronco Sport	ford_Bronco Sport
536	Ford	C-Max	ford_C-Max
537	Ford	Contour	ford_Contour
538	Ford	Cougar	ford_Cougar
539	Ford	Courier	ford_Courier
540	Ford	Crown-Victoria	ford_Crown-Victoria
541	Ford	Econoline	ford_Econoline
542	Ford	Econovan	ford_Econovan
543	Ford	Ecosport	ford_Ecosport
544	Ford	Edge	ford_Edge
545	Ford	Escape	ford_Escape
546	Ford	Escort	ford_Escort
547	Ford	Excursion	ford_Excursion
548	Ford	Expedition	ford_Expedition
549	Ford	Explorer	ford_Explorer
550	Ford	F	ford_F
551	Ford	Fiesta	ford_Fiesta
552	Ford	Flex	ford_Flex
553	Ford	Focus	ford_Focus
554	Ford	Freestyle	ford_Freestyle
555	Ford	Fusion	ford_Fusion
556	Ford	Galaxy	ford_Galaxy
557	Ford	Granada	ford_Granada
558	Ford	Grand C-Max	ford_Grand C-Max
559	Ford	Ka	ford_Ka
560	Ford	Kuga	ford_Kuga
561	Ford	Maverick	ford_Maverick
562	Ford	Mondeo	ford_Mondeo
563	Ford	Mustang	ford_Mustang
564	Ford	Mustang Mach-E	ford_Mustang Mach-E
565	Ford	Orion	ford_Orion
566	Ford	Probe	ford_Probe
567	Ford	Puma	ford_Puma
568	Ford	Ranger	ford_Ranger
569	Ford	Scorpio	ford_Scorpio
570	Ford	Sierra	ford_Sierra
571	Ford	S-Max	ford_S-Max
572	Ford	Taunus	ford_Taunus
573	Ford	Taurus	ford_Taurus
574	Ford	Thunderbird	ford_Thunderbird
575	Ford	Tourneo	ford_Tourneo
576	Ford	Tourneo Connect	ford_Tourneo Connect
577	Ford	Transit	ford_Transit
578	Ford	Transit Connect	ford_Transit Connect
579	Ford	Transit Courier	ford_Transit Courier
580	Ford	Transit Custom	ford_Transit Custom
581	Ford	Windstar\n	ford_Windstar\n
582	Foton	BJ\n	foton_BJ\n
583	Freightliner	FLB\n	freightliner_FLB\n
584	Geely	Atlas	geely_Atlas
585	Geely	Atlas Pro	geely_Atlas Pro
586	Geely	CK	geely_CK
587	Geely	Coolray	geely_Coolray
588	Geely	Emgrand 7	geely_Emgrand 7
589	Geely	Emgrand EC7	geely_Emgrand EC7
590	Geely	Emgrand GT	geely_Emgrand GT
591	Geely	Emgrand X7	geely_Emgrand X7
592	Geely	GC6	geely_GC6
593	Geely	GS	geely_GS
594	Geely	LC Cross	geely_LC Cross
595	Geely	MK	geely_MK
596	Geely	MK Cross	geely_MK Cross
597	Geely	Otaka	geely_Otaka
598	Geely	SC7	geely_SC7
599	Geely	Tugella\n	geely_Tugella\n
600	Genesis	G70	genesis_G70
601	Genesis	G80	genesis_G80
602	Genesis	G90\n	genesis_G90\n
603	GMC	Acadia	gmc_Acadia
604	GMC	Canyon	gmc_Canyon
605	GMC	Envoy	gmc_Envoy
606	GMC	Jimmy	gmc_Jimmy
607	GMC	Safari	gmc_Safari
608	GMC	Savana	gmc_Savana
609	GMC	Sierra	gmc_Sierra
610	GMC	Sonoma	gmc_Sonoma
611	GMC	Suburban	gmc_Suburban
612	GMC	Tayfun	gmc_Tayfun
613	GMC	Terrain	gmc_Terrain
614	GMC	Vandura	gmc_Vandura
615	GMC	Yukon\n	gmc_Yukon\n
616	Great-Wall	Coolbear	greatwall_Coolbear
617	Great-Wall	Deer	greatwall_Deer
618	Great-Wall	Hover	greatwall_Hover
619	Great-Wall	Hover H3	greatwall_Hover H3
620	Great-Wall	Hover H5	greatwall_Hover H5
621	Great-Wall	Hover H6	greatwall_Hover H6
622	Great-Wall	Pegasus	greatwall_Pegasus
623	Great-Wall	Peri	greatwall_Peri
624	Great-Wall	Safe	greatwall_Safe
625	Great-Wall	Sailor	greatwall_Sailor
626	Great-Wall	Wingle\n	greatwall_Wingle\n
627	Hafei	Brio	hafei_Brio
628	Hafei	Minyi	hafei_Minyi
629	Hafei	Princip	hafei_Princip
630	Hafei	Simbo\n	hafei_Simbo\n
631	Haima	3	haima_3
632	Haima	7\n	haima_7\n
633	Harley-Davidson	Dyna	harleydavidson_Dyna
634	Harley-Davidson	Electra Glide	harleydavidson_Electra Glide
635	Harley-Davidson	Road Glide	harleydavidson_Road Glide
636	Harley-Davidson	Road King	harleydavidson_Road King
637	Harley-Davidson	Roadster	harleydavidson_Roadster
638	Harley-Davidson	Softail	harleydavidson_Softail
639	Harley-Davidson	Sportster	harleydavidson_Sportster
640	Harley-Davidson	Street	harleydavidson_Street
641	Harley-Davidson	Street Glide	harleydavidson_Street Glide
642	Harley-Davidson	Touring	harleydavidson_Touring
643	Harley-Davidson	Trike	harleydavidson_Trike
644	Harley-Davidson	V-Rod\n	harleydavidson_V-Rod\n
645	Haval	F7	haval_F7
646	Haval	H2	haval_H2
647	Haval	H6	haval_H6
648	Haval	H9	haval_H9
649	Haval	Jolion\n	haval_Jolion\n
650	Honda	Accord	honda_Accord
651	Honda	City	honda_City
652	Honda	Civic	honda_Civic
653	Honda	Clarity	honda_Clarity
654	Honda	Concerto	honda_Concerto
655	Honda	Crosstour	honda_Crosstour
656	Honda	CR-V	honda_CR-V
657	Honda	CR-X	honda_CR-X
658	Honda	CR-Z	honda_CR-Z
659	Honda	Element	honda_Element
660	Honda	Fit	honda_Fit
661	Honda	FR-V	honda_FR-V
662	Honda	HR-V	honda_HR-V
663	Honda	Insight	honda_Insight
664	Honda	Integra	honda_Integra
665	Honda	Jazz	honda_Jazz
666	Honda	Legend	honda_Legend
667	Honda	Logo	honda_Logo
668	Honda	Odyssey	honda_Odyssey
669	Honda	Passport	honda_Passport
670	Honda	Pilot	honda_Pilot
671	Honda	Prelude	honda_Prelude
672	Honda	Ridgeline	honda_Ridgeline
673	Honda	S2000	honda_S2000
674	Honda	Shuttle	honda_Shuttle
675	Honda	S-MX	honda_S-MX
676	Honda	Stepwgn	honda_Stepwgn
677	Honda	Stream\n	honda_Stream\n
678	Honda moto	CB	hondamoto_CB
679	Honda moto	CBF	hondamoto_CBF
680	Honda moto	CBR	hondamoto_CBR
681	Honda moto	CBX	hondamoto_CBX
682	Honda moto	CR	hondamoto_CR
683	Honda moto	CRF	hondamoto_CRF
684	Honda moto	CTX	hondamoto_CTX
685	Honda moto	Deauville	hondamoto_Deauville
686	Honda moto	Dominator	hondamoto_Dominator
687	Honda moto	FJS	hondamoto_FJS
688	Honda moto	Fury	hondamoto_Fury
689	Honda moto	Gold Wing	hondamoto_Gold Wing
690	Honda moto	Magna	hondamoto_Magna
691	Honda moto	NC	hondamoto_NC
692	Honda moto	NSR	hondamoto_NSR
693	Honda moto	NSS	hondamoto_NSS
694	Honda moto	NT	hondamoto_NT
695	Honda moto	NTV	hondamoto_NTV
696	Honda moto	PC	hondamoto_PC
697	Honda moto	SH	hondamoto_SH
698	Honda moto	Shadow	hondamoto_Shadow
699	Honda moto	Silver Wing	hondamoto_Silver Wing
700	Honda moto	SLR	hondamoto_SLR
701	Honda moto	ST	hondamoto_ST
702	Honda moto	Transalp	hondamoto_Transalp
703	Honda moto	Valkyrie	hondamoto_Valkyrie
704	Honda moto	Varadero	hondamoto_Varadero
705	Honda moto	VF	hondamoto_VF
706	Honda moto	VFR	hondamoto_VFR
707	Honda moto	VT	hondamoto_VT
708	Honda moto	VTR	hondamoto_VTR
709	Honda moto	VTX	hondamoto_VTX
710	Honda moto	XL	hondamoto_XL
711	Honda moto	XR	hondamoto_XR
712	Honda moto	XRV\n	hondamoto_XRV\n
713	Hors	051	hors_051
714	Hors	052	hors_052
715	Hors	056\n	hors_056\n
716	Hummer	H1	hummer_H1
717	Hummer	H2	hummer_H2
718	Hummer	H3\n	hummer_H3\n
719	Hyosung	Aquila	hyosung_Aquila
720	Hyosung	GT\n	hyosung_GT\n
721	Hyundai	Accent	hyundai_Accent
722	Hyundai	Amico	hyundai_Amico
723	Hyundai	Aslan	hyundai_Aslan
724	Hyundai	Atos	hyundai_Atos
725	Hyundai	Coupe	hyundai_Coupe
726	Hyundai	Creta	hyundai_Creta
727	Hyundai	Dynasty	hyundai_Dynasty
728	Hyundai	Elantra	hyundai_Elantra
729	Hyundai	Equus	hyundai_Equus
730	Hyundai	Excel	hyundai_Excel
731	Hyundai	Galloper	hyundai_Galloper
732	Hyundai	Genesis	hyundai_Genesis
733	Hyundai	Getz	hyundai_Getz
734	Hyundai	Grandeur	hyundai_Grandeur
735	Hyundai	Grand Santa Fe	hyundai_Grand Santa Fe
859	Kawasaki	KZ	kawasaki_KZ
736	Hyundai	Grand Starex	hyundai_Grand Starex
737	Hyundai	H1	hyundai_H1
738	Hyundai	H100	hyundai_H100
739	Hyundai	H200	hyundai_H200
740	Hyundai	HD	hyundai_HD
741	Hyundai	HD120	hyundai_HD120
742	Hyundai	i10	hyundai_i10
743	Hyundai	i20	hyundai_i20
744	Hyundai	i30	hyundai_i30
745	Hyundai	i40	hyundai_i40
746	Hyundai	IONIQ	hyundai_IONIQ
747	Hyundai	IONIQ 5	hyundai_IONIQ 5
748	Hyundai	ix20	hyundai_ix20
749	Hyundai	ix35	hyundai_ix35
750	Hyundai	ix55	hyundai_ix55
751	Hyundai	Kona	hyundai_Kona
752	Hyundai	Lantra	hyundai_Lantra
753	Hyundai	Libero	hyundai_Libero
754	Hyundai	Matrix	hyundai_Matrix
755	Hyundai	Palisade	hyundai_Palisade
756	Hyundai	Pony	hyundai_Pony
757	Hyundai	Porter	hyundai_Porter
758	Hyundai	Santa Fe	hyundai_Santa Fe
759	Hyundai	Santamo	hyundai_Santamo
760	Hyundai	S Coupe	hyundai_S Coupe
761	Hyundai	Solaris	hyundai_Solaris
762	Hyundai	Sonata	hyundai_Sonata
763	Hyundai	Starex	hyundai_Starex
764	Hyundai	Terracan	hyundai_Terracan
765	Hyundai	Tiburon	hyundai_Tiburon
766	Hyundai	Trajet	hyundai_Trajet
767	Hyundai	Tucson	hyundai_Tucson
768	Hyundai	Veloster	hyundai_Veloster
769	Hyundai	Veracruz	hyundai_Veracruz
770	Hyundai	Verna	hyundai_Verna
771	Hyundai	XG\n	hyundai_XG\n
772	IFA	W50\n	ifa_W50\n
773	Indian	Chief	indian_Chief
774	Indian	Chieftain	indian_Chieftain
775	Indian	Chief Vintage	indian_Chief Vintage
776	Indian	Scout\n	indian_Scout\n
777	Infiniti	EX	infiniti_EX
778	Infiniti	FX	infiniti_FX
779	Infiniti	G	infiniti_G
780	Infiniti	I	infiniti_I
781	Infiniti	J	infiniti_J
782	Infiniti	JX	infiniti_JX
783	Infiniti	M	infiniti_M
784	Infiniti	Q	infiniti_Q
785	Infiniti	Q30	infiniti_Q30
786	Infiniti	Q40	infiniti_Q40
787	Infiniti	Q45	infiniti_Q45
788	Infiniti	Q50	infiniti_Q50
789	Infiniti	Q60	infiniti_Q60
790	Infiniti	Q70	infiniti_Q70
791	Infiniti	QX	infiniti_QX
792	Infiniti	QX30	infiniti_QX30
793	Infiniti	QX4	infiniti_QX4
794	Infiniti	QX50	infiniti_QX50
795	Infiniti	QX55	infiniti_QX55
796	Infiniti	QX56	infiniti_QX56
797	Infiniti	QX60	infiniti_QX60
798	Infiniti	QX70	infiniti_QX70
799	Infiniti	QX80\n	infiniti_QX80\n
800	Innocenti	Elba\n	innocenti_Elba\n
801	International	9800\n	international_9800\n
802	Iran-Khodro	Samand\n	irankhodro_Samand\n
803	Isuzu	Axiom	isuzu_Axiom
804	Isuzu	Campo	isuzu_Campo
805	Isuzu	D-max	isuzu_D-max
806	Isuzu	Elf	isuzu_Elf
807	Isuzu	Gemini	isuzu_Gemini
808	Isuzu	Midi	isuzu_Midi
809	Isuzu	MU-7	isuzu_MU-7
810	Isuzu	Rodeo	isuzu_Rodeo
811	Isuzu	Trooper\n	isuzu_Trooper\n
812	Iveco	Daily	iveco_Daily
813	Iveco	Eurocargo	iveco_Eurocargo
814	Iveco	Eurostar	iveco_Eurostar
815	Iveco	Eurotech	iveco_Eurotech
816	Iveco	EuroTrakker	iveco_EuroTrakker
817	Iveco	Stralis	iveco_Stralis
818	Iveco	Trakker	iveco_Trakker
819	Iveco	Turbo Daily	iveco_Turbo Daily
820	Iveco	Turbostar\n	iveco_Turbostar\n
821	JAC	HFC	jac_HFC
822	JAC	Rain	jac_Rain
823	JAC	Refain\n	jac_Refain\n
824	Jaguar	E-Pace	jaguar_E-Pace
825	Jaguar	F-Pace	jaguar_F-Pace
826	Jaguar	F-Type	jaguar_F-Type
827	Jaguar	I-Pace	jaguar_I-Pace
828	Jaguar	S-Type	jaguar_S-Type
829	Jaguar	XE	jaguar_XE
830	Jaguar	XF	jaguar_XF
831	Jaguar	XJ	jaguar_XJ
832	Jaguar	XJR	jaguar_XJR
833	Jaguar	XJS	jaguar_XJS
834	Jaguar	XK	jaguar_XK
835	Jaguar	XKR	jaguar_XKR
836	Jaguar	X-Type\n	jaguar_X-Type\n
837	JCB	3CX	jcb_3CX
838	JCB	JS130\n	jcb_JS130\n
839	Jeep	Cherokee	jeep_Cherokee
840	Jeep	Commander	jeep_Commander
841	Jeep	Compass	jeep_Compass
842	Jeep	Grand Cherokee	jeep_Grand Cherokee
843	Jeep	Liberty	jeep_Liberty
844	Jeep	Patriot	jeep_Patriot
845	Jeep	Renegade	jeep_Renegade
846	Jeep	Wrangler\n	jeep_Wrangler\n
847	Kawasaki	EN	kawasaki_EN
848	Kawasaki	ER	kawasaki_ER
849	Kawasaki	EX	kawasaki_EX
850	Kawasaki	GPX	kawasaki_GPX
851	Kawasaki	GPZ	kawasaki_GPZ
852	Kawasaki	GT	kawasaki_GT
853	Kawasaki	GTR	kawasaki_GTR
854	Kawasaki	J	kawasaki_J
855	Kawasaki	KLE	kawasaki_KLE
856	Kawasaki	KLR	kawasaki_KLR
857	Kawasaki	KLX	kawasaki_KLX
858	Kawasaki	KX	kawasaki_KX
860	Kawasaki	Ninja	kawasaki_Ninja
861	Kawasaki	Versys	kawasaki_Versys
862	Kawasaki	VN	kawasaki_VN
863	Kawasaki	Voyager	kawasaki_Voyager
864	Kawasaki	Vulcan	kawasaki_Vulcan
865	Kawasaki	W	kawasaki_W
866	Kawasaki	Z	kawasaki_Z
867	Kawasaki	ZG	kawasaki_ZG
868	Kawasaki	ZL	kawasaki_ZL
869	Kawasaki	ZR	kawasaki_ZR
870	Kawasaki	ZRX	kawasaki_ZRX
871	Kawasaki	ZX	kawasaki_ZX
872	Kawasaki	ZX-6R	kawasaki_ZX-6R
873	Kawasaki	ZXR	kawasaki_ZXR
874	Kawasaki	ZZR\n	kawasaki_ZZR\n
875	Kia	Avella	kia_Avella
876	Kia	Besta	kia_Besta
877	Kia	Bongo	kia_Bongo
878	Kia	Borrego	kia_Borrego
879	Kia	Cadenza	kia_Cadenza
880	Kia	Carens	kia_Carens
881	Kia	Carnival	kia_Carnival
882	Kia	Ceed	kia_Ceed
883	Kia	Cerato	kia_Cerato
884	Kia	Clarus	kia_Clarus
885	Kia	EV6	kia_EV6
886	Kia	Forte	kia_Forte
887	Kia	Joice	kia_Joice
888	Kia	K2500	kia_K2500
889	Kia	K2700	kia_K2700
890	Kia	K5	kia_K5
891	Kia	K900	kia_K900
892	Kia	Magentis	kia_Magentis
893	Kia	Mentor	kia_Mentor
894	Kia	Mohave	kia_Mohave
895	Kia	Niro	kia_Niro
896	Kia	Opirus	kia_Opirus
897	Kia	Optima	kia_Optima
898	Kia	Picanto	kia_Picanto
899	Kia	Potentia	kia_Potentia
900	Kia	Pregio	kia_Pregio
901	Kia	Pride	kia_Pride
902	Kia	Proceed	kia_Proceed
903	Kia	Quoris	kia_Quoris
904	Kia	Ray	kia_Ray
905	Kia	Retona	kia_Retona
906	Kia	Rio	kia_Rio
907	Kia	Rio X-Line	kia_Rio X-Line
908	Kia	Sedona	kia_Sedona
909	Kia	Seltos	kia_Seltos
910	Kia	Sephia	kia_Sephia
911	Kia	Shuma	kia_Shuma
912	Kia	Sorento	kia_Sorento
913	Kia	Soul	kia_Soul
914	Kia	Spectra	kia_Spectra
915	Kia	Sportage	kia_Sportage
916	Kia	Stinger	kia_Stinger
917	Kia	Stonic	kia_Stonic
918	Kia	Telluride	kia_Telluride
919	Kia	Venga	kia_Venga
920	Kia	XCeed\n	kia_XCeed\n
921	Kogel	SVKT-24\n	kogel_SVKT-24\n
922	Krone	SD\n	krone_SD\n
923	KTM	1090	ktm_1090
924	KTM	1190	ktm_1190
925	KTM	125	ktm_125
926	KTM	1290	ktm_1290
927	KTM	200	ktm_200
928	KTM	250	ktm_250
929	KTM	350	ktm_350
930	KTM	390	ktm_390
931	KTM	450	ktm_450
932	KTM	525	ktm_525
933	KTM	640	ktm_640
934	KTM	690	ktm_690
935	KTM	990	ktm_990
936	KTM	Adventure	ktm_Adventure
937	KTM	Duke	ktm_Duke
938	KTM	RC	ktm_RC
939	KTM	Superbike	ktm_Superbike
940	KTM	Supermoto\n	ktm_Supermoto\n
941	Lada	2101	lada_2101
942	Lada	2102	lada_2102
943	Lada	2103	lada_2103
944	Lada	2104	lada_2104
945	Lada	2105	lada_2105
946	Lada	2106	lada_2106
947	Lada	2107	lada_2107
948	Lada	2108	lada_2108
949	Lada	2109	lada_2109
950	Lada	21099	lada_21099
951	Lada	2110	lada_2110
952	Lada	2111	lada_2111
953	Lada	2112	lada_2112
954	Lada	2113	lada_2113
955	Lada	2114	lada_2114
956	Lada	2115	lada_2115
957	Lada	21213	lada_21213
958	Lada	2121 Niva	lada_2121 Niva
959	Lada	2123	lada_2123
960	Lada	4x4	lada_4x4
961	Lada	Granta	lada_Granta
962	Lada	Kalina	lada_Kalina
963	Lada	Largus	lada_Largus
964	Lada	Priora	lada_Priora
965	Lada	Vesta	lada_Vesta
966	Lada	X-Ray	lada_X-Ray
967	Lada	Ока\n	lada_Ока\n
968	Lancia	Dedra	lancia_Dedra
969	Lancia	Delta	lancia_Delta
970	Lancia	Kappa	lancia_Kappa
971	Lancia	Lybra	lancia_Lybra
972	Lancia	Musa	lancia_Musa
973	Lancia	Phedra	lancia_Phedra
974	Lancia	Prisma	lancia_Prisma
975	Lancia	Thema	lancia_Thema
976	Lancia	Thesis	lancia_Thesis
977	Lancia	Y10	lancia_Y10
978	Lancia	Ypsilon	lancia_Ypsilon
979	Lancia	Zeta\n	lancia_Zeta\n
980	Land-Rover	Defender	landrover_Defender
981	Land-Rover	Discovery	landrover_Discovery
982	Land-Rover	Discovery Sport	landrover_Discovery Sport
983	Land-Rover	Evoque	landrover_Evoque
984	Land-Rover	Freelander	landrover_Freelander
985	Land-Rover	Range Rover	landrover_Range Rover
986	Land-Rover	Range Rover Sport	landrover_Range Rover Sport
987	Land-Rover	Range Rover Velar\n	landrover_Range Rover Velar\n
988	LDV	Convoy	ldv_Convoy
989	LDV	Maxus	ldv_Maxus
990	LDV	Pilot\n	ldv_Pilot\n
991	Lexus	CT	lexus_CT
992	Lexus	ES	lexus_ES
993	Lexus	GS	lexus_GS
994	Lexus	GX	lexus_GX
995	Lexus	HS	lexus_HS
996	Lexus	IS	lexus_IS
997	Lexus	LC	lexus_LC
998	Lexus	LS	lexus_LS
999	Lexus	LX	lexus_LX
1000	Lexus	NX	lexus_NX
1001	Lexus	RC	lexus_RC
1002	Lexus	RX	lexus_RX
1003	Lexus	SC	lexus_SC
1004	Lexus	UX\n	lexus_UX\n
1005	Lifan	Breez	lifan_Breez
1006	Lifan	Cebrium	lifan_Cebrium
1007	Lifan	Celliya	lifan_Celliya
1008	Lifan	MayWay	lifan_MayWay
1009	Lifan	Murman	lifan_Murman
1010	Lifan	Myway	lifan_Myway
1011	Lifan	Smily	lifan_Smily
1012	Lifan	Solano	lifan_Solano
1013	Lifan	X50	lifan_X50
1014	Lifan	X60	lifan_X60
1015	Lifan	X70\n	lifan_X70\n
1016	Lincoln	Aviator	lincoln_Aviator
1017	Lincoln	Continental	lincoln_Continental
1018	Lincoln	Corsair	lincoln_Corsair
1019	Lincoln	LS	lincoln_LS
1020	Lincoln	Mark	lincoln_Mark
1021	Lincoln	MKC	lincoln_MKC
1022	Lincoln	MKS	lincoln_MKS
1023	Lincoln	MKT	lincoln_MKT
1024	Lincoln	MKX	lincoln_MKX
1025	Lincoln	MKZ	lincoln_MKZ
1026	Lincoln	Nautilus	lincoln_Nautilus
1027	Lincoln	Navigator	lincoln_Navigator
1028	Lincoln	Towncar\n	lincoln_Towncar\n
1029	Lublin	2	lublin_2
1030	Lublin	3\n	lublin_3\n
1031	Mahindra	XUV500\n	mahindra_XUV500\n
1032	MAN	10150	man_10150
1033	MAN	14192	man_14192
1034	MAN	14232	man_14232
1035	MAN	14264	man_14264
1036	MAN	18264	man_18264
1037	MAN	18272	man_18272
1038	MAN	18285	man_18285
1039	MAN	19364	man_19364
1040	MAN	19372	man_19372
1041	MAN	19403	man_19403
1042	MAN	19464	man_19464
1043	MAN	362	man_362
1044	MAN	8100	man_8100
1045	MAN	8150	man_8150
1046	MAN	8163	man_8163
1047	MAN	F2000	man_F2000
1048	MAN	F90	man_F90
1049	MAN	G90	man_G90
1050	MAN	L2000	man_L2000
1051	MAN	LE	man_LE
1052	MAN	Lions City	man_Lions City
1053	MAN	M90	man_M90
1054	MAN	SG	man_SG
1055	MAN	SU	man_SU
1056	MAN	TGA	man_TGA
1057	MAN	TGE	man_TGE
1058	MAN	TGL	man_TGL
1059	MAN	TGM	man_TGM
1060	MAN	TGS	man_TGS
1061	MAN	TGX\n	man_TGX\n
1062	Maserati	3200 GT	maserati_3200 GT
1063	Maserati	Coupe	maserati_Coupe
1064	Maserati	Ghibli	maserati_Ghibli
1065	Maserati	GranTurismo	maserati_GranTurismo
1066	Maserati	Levante	maserati_Levante
1067	Maserati	Quattroporte	maserati_Quattroporte
1068	Maserati	Spyder\n	maserati_Spyder\n
1069	Maybach	57	maybach_57
1070	Maybach	62\n	maybach_62\n
1071	Mazda	121	mazda_121
1072	Mazda	2	mazda_2
1073	Mazda	3	mazda_3
1074	Mazda	323	mazda_323
1075	Mazda	323C	mazda_323C
1076	Mazda	323F	mazda_323F
1077	Mazda	323P	mazda_323P
1078	Mazda	323S	mazda_323S
1079	Mazda	3 MPS	mazda_3 MPS
1080	Mazda	5	mazda_5
1081	Mazda	6	mazda_6
1082	Mazda	626	mazda_626
1083	Mazda	6 MPS	mazda_6 MPS
1084	Mazda	929	mazda_929
1085	Mazda	Atenza	mazda_Atenza
1086	Mazda	AZ-Wagon	mazda_AZ-Wagon
1087	Mazda	B2500	mazda_B2500
1088	Mazda	Bongo	mazda_Bongo
1089	Mazda	BT-50	mazda_BT-50
1090	Mazda	Capella	mazda_Capella
1091	Mazda	CX3	mazda_CX3
1092	Mazda	CX30	mazda_CX30
1093	Mazda	CX5	mazda_CX5
1094	Mazda	CX7	mazda_CX7
1095	Mazda	CX9	mazda_CX9
1096	Mazda	Demio	mazda_Demio
1097	Mazda	E2200	mazda_E2200
1098	Mazda	Familia	mazda_Familia
1099	Mazda	Millenia	mazda_Millenia
1100	Mazda	MPV	mazda_MPV
1101	Mazda	MX3	mazda_MX3
1102	Mazda	MX-30	mazda_MX-30
1103	Mazda	MX5	mazda_MX5
1104	Mazda	MX6	mazda_MX6
1105	Mazda	Premacy	mazda_Premacy
1106	Mazda	Proceed	mazda_Proceed
1107	Mazda	Protege	mazda_Protege
1108	Mazda	RX7	mazda_RX7
1109	Mazda	RX8	mazda_RX8
1110	Mazda	Tribute	mazda_Tribute
1111	Mazda	Xedos 6	mazda_Xedos 6
1112	Mazda	Xedos 9\n	mazda_Xedos 9\n
1113	Mercedes	100	mercedes_100
1114	Mercedes	1113	mercedes_1113
1115	Mercedes	1117	mercedes_1117
1116	Mercedes	1317	mercedes_1317
1117	Mercedes	1735	mercedes_1735
1118	Mercedes	1834	mercedes_1834
1119	Mercedes	1838	mercedes_1838
1120	Mercedes	1840	mercedes_1840
1121	Mercedes	190 W201	mercedes_190 W201
1122	Mercedes	207	mercedes_207
1123	Mercedes	208	mercedes_208
1124	Mercedes	210	mercedes_210
1125	Mercedes	2538	mercedes_2538
1126	Mercedes	308	mercedes_308
1127	Mercedes	310	mercedes_310
1128	Mercedes	407	mercedes_407
1129	Mercedes	408	mercedes_408
1130	Mercedes	409	mercedes_409
1131	Mercedes	410	mercedes_410
1132	Mercedes	508	mercedes_508
1133	Mercedes	609	mercedes_609
1134	Mercedes	611	mercedes_611
1135	Mercedes	709	mercedes_709
1136	Mercedes	711	mercedes_711
1137	Mercedes	809	mercedes_809
1138	Mercedes	811	mercedes_811
1139	Mercedes	814	mercedes_814
1140	Mercedes	814D	mercedes_814D
1141	Mercedes	817	mercedes_817
1142	Mercedes	A	mercedes_A
1143	Mercedes	Accelo	mercedes_Accelo
1144	Mercedes	Actros	mercedes_Actros
1145	Mercedes	AMG GT	mercedes_AMG GT
1146	Mercedes	Arocs	mercedes_Arocs
1147	Mercedes	Atego	mercedes_Atego
1148	Mercedes	A W168	mercedes_A W168
1149	Mercedes	A W169	mercedes_A W169
1150	Mercedes	A W176	mercedes_A W176
1151	Mercedes	A W177	mercedes_A W177
1152	Mercedes	Axor	mercedes_Axor
1153	Mercedes	B	mercedes_B
1154	Mercedes	B W245	mercedes_B W245
1155	Mercedes	B W246	mercedes_B W246
1156	Mercedes	B W247	mercedes_B W247
1157	Mercedes	C	mercedes_C
1158	Mercedes	Citan	mercedes_Citan
1159	Mercedes	CL	mercedes_CL
1160	Mercedes	CLA	mercedes_CLA
1161	Mercedes	CLA C117	mercedes_CLA C117
1162	Mercedes	CLA C118	mercedes_CLA C118
1163	Mercedes	CLC	mercedes_CLC
1164	Mercedes	CLK	mercedes_CLK
1165	Mercedes	CLK W208	mercedes_CLK W208
1166	Mercedes	CLK W209	mercedes_CLK W209
1167	Mercedes	CLS	mercedes_CLS
1168	Mercedes	CLS C257	mercedes_CLS C257
1169	Mercedes	CLS W218	mercedes_CLS W218
1170	Mercedes	CLS W219	mercedes_CLS W219
1171	Mercedes	CL W140	mercedes_CL W140
1172	Mercedes	CL W215	mercedes_CL W215
1173	Mercedes	CL W216	mercedes_CL W216
1174	Mercedes	CL W217	mercedes_CL W217
1175	Mercedes	C W202	mercedes_C W202
1176	Mercedes	C W203	mercedes_C W203
1177	Mercedes	C W204	mercedes_C W204
1178	Mercedes	C W205	mercedes_C W205
1179	Mercedes	C W206	mercedes_C W206
1180	Mercedes	E	mercedes_E
1181	Mercedes	E C207	mercedes_E C207
1182	Mercedes	Econic	mercedes_Econic
1183	Mercedes	EQC N293	mercedes_EQC N293
1184	Mercedes	EQE V295	mercedes_EQE V295
1185	Mercedes	EQS V297	mercedes_EQS V297
1186	Mercedes	E W114	mercedes_E W114
1187	Mercedes	E W123	mercedes_E W123
1188	Mercedes	E W124	mercedes_E W124
1189	Mercedes	E W210	mercedes_E W210
1190	Mercedes	E W211	mercedes_E W211
1191	Mercedes	E W212	mercedes_E W212
1192	Mercedes	E W213	mercedes_E W213
1193	Mercedes	E W238	mercedes_E W238
1194	Mercedes	G	mercedes_G
1195	Mercedes	GL	mercedes_GL
1196	Mercedes	GLA H247	mercedes_GLA H247
1197	Mercedes	GLA X156	mercedes_GLA X156
1198	Mercedes	GLB X247	mercedes_GLB X247
1199	Mercedes	GLC	mercedes_GLC
1200	Mercedes	GLC Coupe	mercedes_GLC Coupe
1201	Mercedes	GLE	mercedes_GLE
1202	Mercedes	GLE Coupe	mercedes_GLE Coupe
1203	Mercedes	GLE W166	mercedes_GLE W166
1204	Mercedes	GLE W167	mercedes_GLE W167
1205	Mercedes	GLK X204	mercedes_GLK X204
1206	Mercedes	GLS X166	mercedes_GLS X166
1207	Mercedes	GLS X167	mercedes_GLS X167
1208	Mercedes	GL X164	mercedes_GL X164
1209	Mercedes	GL X166	mercedes_GL X166
1210	Mercedes	G W460	mercedes_G W460
1211	Mercedes	G W463	mercedes_G W463
1212	Mercedes	Metris	mercedes_Metris
1213	Mercedes	ML	mercedes_ML
1214	Mercedes	ML W163	mercedes_ML W163
1215	Mercedes	ML W164	mercedes_ML W164
1216	Mercedes	ML W166	mercedes_ML W166
1217	Mercedes	NG	mercedes_NG
1218	Mercedes	O303	mercedes_O303
1219	Mercedes	O345	mercedes_O345
1220	Mercedes	O405	mercedes_O405
1221	Mercedes	O530	mercedes_O530
1222	Mercedes	R	mercedes_R
1223	Mercedes	S	mercedes_S
1224	Mercedes	SK	mercedes_SK
1225	Mercedes	SL	mercedes_SL
1226	Mercedes	SLC R172	mercedes_SLC R172
1227	Mercedes	SLK	mercedes_SLK
1228	Mercedes	SLK R170	mercedes_SLK R170
1229	Mercedes	SLK R171	mercedes_SLK R171
1230	Mercedes	SLK R172	mercedes_SLK R172
1231	Mercedes	SLR	mercedes_SLR
1232	Mercedes	SL R107	mercedes_SL R107
1233	Mercedes	SL R129	mercedes_SL R129
1234	Mercedes	SL R230	mercedes_SL R230
1235	Mercedes	SL R231	mercedes_SL R231
1236	Mercedes	SL R232	mercedes_SL R232
1237	Mercedes	SLS	mercedes_SLS
1238	Mercedes	Sprinter	mercedes_Sprinter
1239	Mercedes	Sprinter Classic	mercedes_Sprinter Classic
1240	Mercedes	S W116	mercedes_S W116
1241	Mercedes	S W126	mercedes_S W126
1242	Mercedes	S W140	mercedes_S W140
1243	Mercedes	S W220	mercedes_S W220
1244	Mercedes	S W221	mercedes_S W221
1245	Mercedes	S W222	mercedes_S W222
1246	Mercedes	S W223	mercedes_S W223
1247	Mercedes	T1	mercedes_T1
1248	Mercedes	T2	mercedes_T2
1249	Mercedes	Unimog	mercedes_Unimog
1250	Mercedes	Vaneo	mercedes_Vaneo
1251	Mercedes	Vario	mercedes_Vario
1252	Mercedes	Viano	mercedes_Viano
1253	Mercedes	Vito	mercedes_Vito
1254	Mercedes	Vito W447	mercedes_Vito W447
1255	Mercedes	Vito W638	mercedes_Vito W638
1256	Mercedes	Vito W639	mercedes_Vito W639
1257	Mercedes	X	mercedes_X
1258	Mercedes	Zetros\n	mercedes_Zetros\n
1259	Mercury	Capri	mercury_Capri
1260	Mercury	Cougar	mercury_Cougar
1261	Mercury	Grand Marquis	mercury_Grand Marquis
1262	Mercury	Maradeur	mercury_Maradeur
1263	Mercury	Mariner	mercury_Mariner
1264	Mercury	Montego	mercury_Montego
1265	Mercury	Monterey	mercury_Monterey
1266	Mercury	Mountaineer	mercury_Mountaineer
1267	Mercury	Mystique	mercury_Mystique
1268	Mercury	Sable	mercury_Sable
1269	Mercury	Topaz	mercury_Topaz
1270	Mercury	Tracer	mercury_Tracer
1271	Mercury	Willager\n	mercury_Willager\n
1272	MG	3	mg_3
1273	MG	6	mg_6
1274	MG	MGF	mg_MGF
1275	MG	TF	mg_TF
1276	MG	ZR	mg_ZR
1277	MG	ZS	mg_ZS
1278	MG	ZT	mg_ZT
1279	MG	ZT-T\n	mg_ZT-T\n
1280	Microcar	F8C	microcar_F8C
1281	Microcar	M8\n	microcar_M8\n
1282	Mini	Clubman	mini_Clubman
1283	Mini	Cooper	mini_Cooper
1284	Mini	Countryman	mini_Countryman
1285	Mini	Coupe	mini_Coupe
1286	Mini	One	mini_One
1287	Mini	Paceman\n	mini_Paceman\n
1288	Mitsubishi	3000GT	mitsubishi_3000GT
1289	Mitsubishi	ASX	mitsubishi_ASX
1290	Mitsubishi	Canter	mitsubishi_Canter
1291	Mitsubishi	Carisma	mitsubishi_Carisma
1292	Mitsubishi	Challenger	mitsubishi_Challenger
1293	Mitsubishi	Colt	mitsubishi_Colt
1294	Mitsubishi	Debonair	mitsubishi_Debonair
1295	Mitsubishi	Delica	mitsubishi_Delica
1296	Mitsubishi	Diamante	mitsubishi_Diamante
1297	Mitsubishi	Eclipse	mitsubishi_Eclipse
1298	Mitsubishi	Eclipse Cross	mitsubishi_Eclipse Cross
1299	Mitsubishi	Endeavor	mitsubishi_Endeavor
1300	Mitsubishi	FTO	mitsubishi_FTO
1301	Mitsubishi	Fuso Canter	mitsubishi_Fuso Canter
1302	Mitsubishi	Galant	mitsubishi_Galant
1303	Mitsubishi	Grandis	mitsubishi_Grandis
1304	Mitsubishi	i	mitsubishi_i
1305	Mitsubishi	i-MiEV	mitsubishi_i-MiEV
1306	Mitsubishi	L200	mitsubishi_L200
1307	Mitsubishi	L300	mitsubishi_L300
1308	Mitsubishi	L400	mitsubishi_L400
1309	Mitsubishi	Lancer	mitsubishi_Lancer
1310	Mitsubishi	Lancer Evolution	mitsubishi_Lancer Evolution
1311	Mitsubishi	Mirage	mitsubishi_Mirage
1312	Mitsubishi	Montero	mitsubishi_Montero
1313	Mitsubishi	Montero Sport	mitsubishi_Montero Sport
1314	Mitsubishi	Outlander	mitsubishi_Outlander
1315	Mitsubishi	Outlander Sport	mitsubishi_Outlander Sport
1316	Mitsubishi	Pajero	mitsubishi_Pajero
1317	Mitsubishi	Pajero Pinin	mitsubishi_Pajero Pinin
1318	Mitsubishi	Pajero Sport	mitsubishi_Pajero Sport
1319	Mitsubishi	RVR	mitsubishi_RVR
1320	Mitsubishi	Sigma	mitsubishi_Sigma
1321	Mitsubishi	Space Gear	mitsubishi_Space Gear
1322	Mitsubishi	Space Runner	mitsubishi_Space Runner
1323	Mitsubishi	Space Star	mitsubishi_Space Star
1324	Mitsubishi	Space Wagon\n	mitsubishi_Space Wagon\n
1325	Moto Guzzi	Breva	motoguzzi_Breva
1326	Moto Guzzi	California	motoguzzi_California
1327	Moto Guzzi	Griso\n	motoguzzi_Griso\n
1328	MV Agusta Motorcycle	Brutale\n	mvagustamotorcycle_Brutale\n
1329	Neoplan	216	neoplan_216
1330	Neoplan	N116\n	neoplan_N116\n
1331	Nissan	100NX	nissan_100NX
1332	Nissan	200SX	nissan_200SX
1333	Nissan	350Z	nissan_350Z
1334	Nissan	370Z	nissan_370Z
1335	Nissan	AD	nissan_AD
1336	Nissan	Almera	nissan_Almera
1337	Nissan	Almera Classic	nissan_Almera Classic
1338	Nissan	Almera Tino	nissan_Almera Tino
1339	Nissan	Altima	nissan_Altima
1340	Nissan	Armada	nissan_Armada
1341	Nissan	Atleon	nissan_Atleon
1342	Nissan	Bassara	nissan_Bassara
1343	Nissan	Bluebird	nissan_Bluebird
1344	Nissan	Cabstar	nissan_Cabstar
1345	Nissan	Cefiro	nissan_Cefiro
1346	Nissan	Cherry	nissan_Cherry
1347	Nissan	Cube	nissan_Cube
1348	Nissan	Elgrand	nissan_Elgrand
1349	Nissan	Expert	nissan_Expert
1350	Nissan	Frontier	nissan_Frontier
1351	Nissan	GT-R	nissan_GT-R
1352	Nissan	Interstar	nissan_Interstar
1353	Nissan	Juke	nissan_Juke
1354	Nissan	Kubistar	nissan_Kubistar
1355	Nissan	L50	nissan_L50
1356	Nissan	Largo	nissan_Largo
1357	Nissan	Laurel	nissan_Laurel
1358	Nissan	Leaf	nissan_Leaf
1359	Nissan	Maxima	nissan_Maxima
1360	Nissan	Micra	nissan_Micra
1361	Nissan	Murano	nissan_Murano
1362	Nissan	Navara	nissan_Navara
1363	Nissan	Note	nissan_Note
1364	Nissan	NP300	nissan_NP300
1365	Nissan	NP3000	nissan_NP3000
1366	Nissan	NV200	nissan_NV200
1367	Nissan	NV300	nissan_NV300
1368	Nissan	NV400	nissan_NV400
1369	Nissan	Pathfinder	nissan_Pathfinder
1370	Nissan	Patrol	nissan_Patrol
1371	Nissan	Pick-Up	nissan_Pick-Up
1372	Nissan	Pixo	nissan_Pixo
1373	Nissan	Prairie	nissan_Prairie
1374	Nissan	Presea	nissan_Presea
1375	Nissan	Primastar	nissan_Primastar
1376	Nissan	Primera	nissan_Primera
1377	Nissan	Pulsar	nissan_Pulsar
1378	Nissan	Qashqai	nissan_Qashqai
1379	Nissan	Qashqai+2	nissan_Qashqai+2
1380	Nissan	Quest	nissan_Quest
1381	Nissan	Rogue	nissan_Rogue
1382	Nissan	Sentra	nissan_Sentra
1383	Nissan	Serena	nissan_Serena
1384	Nissan	Silvia	nissan_Silvia
1385	Nissan	Skyline	nissan_Skyline
1386	Nissan	Sunny	nissan_Sunny
1387	Nissan	Teana	nissan_Teana
1388	Nissan	Terrano	nissan_Terrano
1389	Nissan	Tiida	nissan_Tiida
1390	Nissan	Titan	nissan_Titan
1391	Nissan	Trade	nissan_Trade
1392	Nissan	Urvan	nissan_Urvan
1393	Nissan	Vanette	nissan_Vanette
1394	Nissan	Versa	nissan_Versa
1395	Nissan	X-Terra	nissan_X-Terra
1396	Nissan	X-Trail\n	nissan_X-Trail\n
1397	Oldsmobile	Achieva	oldsmobile_Achieva
1398	Oldsmobile	Alero	oldsmobile_Alero
1399	Oldsmobile	Aurora	oldsmobile_Aurora
1400	Oldsmobile	Bravada	oldsmobile_Bravada
1401	Oldsmobile	Cutlass	oldsmobile_Cutlass
1402	Oldsmobile	Silhouette	oldsmobile_Silhouette
1403	Oldsmobile	Toronado\n	oldsmobile_Toronado\n
1404	Opel	Adam	opel_Adam
1405	Opel	Agila	opel_Agila
1406	Opel	Ampera	opel_Ampera
1407	Opel	Antara	opel_Antara
1408	Opel	Arena	opel_Arena
1409	Opel	Ascona	opel_Ascona
1410	Opel	Astra	opel_Astra
1411	Opel	Calibra	opel_Calibra
1412	Opel	Cascada	opel_Cascada
1413	Opel	Combo	opel_Combo
1414	Opel	Commodore	opel_Commodore
1415	Opel	Corsa	opel_Corsa
1416	Opel	Crossland X	opel_Crossland X
1417	Opel	Frontera	opel_Frontera
1418	Opel	Grandland X	opel_Grandland X
1419	Opel	GT	opel_GT
1420	Opel	Insignia	opel_Insignia
1421	Opel	Kadett	opel_Kadett
1422	Opel	Karl	opel_Karl
1423	Opel	Manta	opel_Manta
1424	Opel	Meriva	opel_Meriva
1425	Opel	Mokka	opel_Mokka
1426	Opel	Monterey	opel_Monterey
1427	Opel	Movano	opel_Movano
1428	Opel	Omega	opel_Omega
1429	Opel	Rekord	opel_Rekord
1430	Opel	Senator	opel_Senator
1431	Opel	Signum	opel_Signum
1432	Opel	Sintra	opel_Sintra
1433	Opel	Speedster	opel_Speedster
1434	Opel	Tigra	opel_Tigra
1435	Opel	Vectra	opel_Vectra
1436	Opel	Vita	opel_Vita
1437	Opel	Vivaro	opel_Vivaro
1438	Opel	Zafira	opel_Zafira
1439	Opel	Zafira Life\n	opel_Zafira Life\n
1440	Perodua	Kelisa\n	perodua_Kelisa\n
1441	Peugeot	1007	peugeot_1007
1442	Peugeot	106	peugeot_106
1443	Peugeot	107	peugeot_107
1444	Peugeot	108	peugeot_108
1445	Peugeot	2008	peugeot_2008
1446	Peugeot	205	peugeot_205
1447	Peugeot	206	peugeot_206
1448	Peugeot	207	peugeot_207
1449	Peugeot	207CC	peugeot_207CC
1450	Peugeot	208	peugeot_208
1451	Peugeot	3008	peugeot_3008
1452	Peugeot	301	peugeot_301
1453	Peugeot	305	peugeot_305
1454	Peugeot	306	peugeot_306
1455	Peugeot	307	peugeot_307
1456	Peugeot	307CC	peugeot_307CC
1457	Peugeot	308	peugeot_308
1458	Peugeot	308CC	peugeot_308CC
1459	Peugeot	309	peugeot_309
1460	Peugeot	4007	peugeot_4007
1461	Peugeot	4008	peugeot_4008
1462	Peugeot	405	peugeot_405
1463	Peugeot	406	peugeot_406
1464	Peugeot	406 Coupe	peugeot_406 Coupe
1465	Peugeot	407	peugeot_407
1466	Peugeot	407 Coupe	peugeot_407 Coupe
1467	Peugeot	408	peugeot_408
1468	Peugeot	5008	peugeot_5008
1469	Peugeot	505	peugeot_505
1470	Peugeot	508	peugeot_508
1471	Peugeot	605	peugeot_605
1472	Peugeot	607	peugeot_607
1473	Peugeot	806	peugeot_806
1474	Peugeot	807	peugeot_807
1475	Peugeot	Bipper	peugeot_Bipper
1476	Peugeot	Boxer	peugeot_Boxer
1477	Peugeot	Expert	peugeot_Expert
1478	Peugeot	J5	peugeot_J5
1479	Peugeot	Partner	peugeot_Partner
1480	Peugeot	RCZ	peugeot_RCZ
1481	Peugeot	Rifter	peugeot_Rifter
1482	Peugeot	Traveller\n	peugeot_Traveller\n
1483	Peugeot moto	Satelis	peugeotmoto_Satelis
1484	Peugeot moto	Speedfight\n	peugeotmoto_Speedfight\n
1485	Piaggio	MP3	piaggio_MP3
1486	Piaggio	TPH	piaggio_TPH
1487	Piaggio	X8\n	piaggio_X8\n
1488	Plymouth	Acclaim	plymouth_Acclaim
1489	Plymouth	Breeze	plymouth_Breeze
1490	Plymouth	Colt	plymouth_Colt
1491	Plymouth	Grand-Voyager	plymouth_Grand-Voyager
1492	Plymouth	Laser	plymouth_Laser
1493	Plymouth	Neon	plymouth_Neon
1494	Plymouth	Prouler	plymouth_Prouler
1495	Plymouth	Reliant 	plymouth_Reliant 
1496	Plymouth	Voyager\n	plymouth_Voyager\n
1497	Polaris	Sportsman 850\n	polaris_Sportsman 850\n
1498	Pontiac	Aztek	pontiac_Aztek
1499	Pontiac	Fiero	pontiac_Fiero
1500	Pontiac	Firebird	pontiac_Firebird
1501	Pontiac	G5	pontiac_G5
1502	Pontiac	G6	pontiac_G6
1503	Pontiac	Grand Am	pontiac_Grand Am
1504	Pontiac	Grand Prix	pontiac_Grand Prix
1505	Pontiac	Montana	pontiac_Montana
1506	Pontiac	Trans-Sport	pontiac_Trans-Sport
1507	Pontiac	Vibe\n	pontiac_Vibe\n
1508	Porsche	911	porsche_911
1509	Porsche	924	porsche_924
1510	Porsche	Boxster	porsche_Boxster
1511	Porsche	Cayenne	porsche_Cayenne
1512	Porsche	Cayman	porsche_Cayman
1513	Porsche	Macan	porsche_Macan
1514	Porsche	Panamera	porsche_Panamera
1515	Porsche	Taycan\n	porsche_Taycan\n
1516	Proton	300	proton_300
1517	Proton	400	proton_400
1518	Proton	Gen	proton_Gen
1519	Proton	Persona	proton_Persona
1520	Proton	Satria	proton_Satria
1521	Proton	Wira\n	proton_Wira\n
1522	Ravon	Gentra	ravon_Gentra
1523	Ravon	Matiz	ravon_Matiz
1524	Ravon	 Nexia R3	ravon_ Nexia R3
1525	Ravon	R2	ravon_R2
1526	Ravon	R4\n	ravon_R4\n
1527	Renault	11	renault_11
1528	Renault	19	renault_19
1529	Renault	21	renault_21
1530	Renault	25	renault_25
1531	Renault	5	renault_5
1532	Renault	9	renault_9
1533	Renault	Arkana	renault_Arkana
1534	Renault	Avantime	renault_Avantime
1535	Renault	C	renault_C
1536	Renault	Captur	renault_Captur
1537	Renault	Clio	renault_Clio
1538	Renault	Dokker	renault_Dokker
1539	Renault	Duster	renault_Duster
1540	Renault	Espace	renault_Espace
1541	Renault	Express	renault_Express
1542	Renault	Fluence	renault_Fluence
1543	Renault	Gama	renault_Gama
1544	Renault	Grand Espace	renault_Grand Espace
1545	Renault	Grand Modus	renault_Grand Modus
1546	Renault	Grand Scenic	renault_Grand Scenic
1547	Renault	Kadjar	renault_Kadjar
1548	Renault	Kangoo	renault_Kangoo
1549	Renault	Kaptur	renault_Kaptur
1550	Renault	Kerax	renault_Kerax
1551	Renault	Koleos	renault_Koleos
1552	Renault	Laguna	renault_Laguna
1553	Renault	Latitude	renault_Latitude
1554	Renault	Lodgy	renault_Lodgy
1555	Renault	Logan	renault_Logan
1556	Renault	Logan Stepway	renault_Logan Stepway
1557	Renault	Magnum	renault_Magnum
1558	Renault	Major	renault_Major
1559	Renault	Manager	renault_Manager
1560	Renault	Mascott	renault_Mascott
1561	Renault	Master	renault_Master
1562	Renault	Maxity	renault_Maxity
1563	Renault	Megane	renault_Megane
1564	Renault	Messenger	renault_Messenger
1565	Renault	Midliner	renault_Midliner
1566	Renault	Midlum	renault_Midlum
1567	Renault	Modus	renault_Modus
1568	Renault	Premium	renault_Premium
1569	Renault	Rapid	renault_Rapid
1570	Renault	Safrane	renault_Safrane
1571	Renault	Sandero	renault_Sandero
1572	Renault	Sandero Stepway	renault_Sandero Stepway
1573	Renault	Scenic	renault_Scenic
1574	Renault	Scenic RX4	renault_Scenic RX4
1575	Renault	Symbol	renault_Symbol
1576	Renault	T	renault_T
1577	Renault	Talisman	renault_Talisman
1578	Renault	Trafic	renault_Trafic
1579	Renault	Twingo	renault_Twingo
1580	Renault	Vel Satis	renault_Vel Satis
1581	Renault	ZOE\n	renault_ZOE\n
1582	Rolls-Royce	Cullinan	rollsroyce_Cullinan
1583	Rolls-Royce	Dawn	rollsroyce_Dawn
1584	Rolls-Royce	Ghost	rollsroyce_Ghost
1585	Rolls-Royce	Phantom	rollsroyce_Phantom
1586	Rolls-Royce	Wraith\n	rollsroyce_Wraith\n
1587	Rover	100	rover_100
1588	Rover	200	rover_200
1589	Rover	214	rover_214
1590	Rover	216	rover_216
1591	Rover	25	rover_25
1592	Rover	400	rover_400
1593	Rover	414	rover_414
1594	Rover	416	rover_416
1595	Rover	420	rover_420
1596	Rover	45	rover_45
1597	Rover	600	rover_600
1598	Rover	620	rover_620
1599	Rover	75	rover_75
1600	Rover	800	rover_800
1601	Rover	Metro	rover_Metro
1602	Rover	Montego	rover_Montego
1603	Rover	Streetwise\n	rover_Streetwise\n
1604	Saab	900	saab_900
1605	Saab	9000	saab_9000
1606	Saab	9-2X	saab_9-2X
1607	Saab	9-3	saab_9-3
1608	Saab	9-5	saab_9-5
1609	Saab	9-6	saab_9-6
1610	Saab	9-7X\n	saab_9-7X\n
1611	Samsung	QM5	samsung_QM5
1612	Samsung	SM3	samsung_SM3
1613	Samsung	SM7\n	samsung_SM7\n
1614	Saturn	Aura	saturn_Aura
1615	Saturn	Ion	saturn_Ion
1616	Saturn	Outlook	saturn_Outlook
1617	Saturn	Relay	saturn_Relay
1618	Saturn	SC	saturn_SC
1619	Saturn	Vue\n	saturn_Vue\n
1620	Scania	113	scania_113
1621	Scania	114	scania_114
1622	Scania	124	scania_124
1623	Scania	143	scania_143
1624	Scania	144	scania_144
1625	Scania	2-series	scania_2-series
1626	Scania	3-series	scania_3-series
1627	Scania	4-series	scania_4-series
1628	Scania	5-series	scania_5-series
1629	Scania	6-series	scania_6-series
1630	Scania	7-series	scania_7-series
1631	Scania	93	scania_93
1632	Scania	CR	scania_CR
1633	Scania	G-series	scania_G-series
1634	Scania	K-series	scania_K-series
1635	Scania	P94	scania_P94
1636	Scania	P-series	scania_P-series
1637	Scania	R420	scania_R420
1638	Scania	R440	scania_R440
1639	Scania	R480	scania_R480
1640	Scania	R500	scania_R500
1641	Scania	R-series	scania_R-series
1642	Scania	S-series\n	scania_S-series\n
1643	Schmitz	Cargobull SCS 24	schmitz_Cargobull SCS 24
1644	Schmitz	SKO-24\n	schmitz_SKO-24\n
1645	Scion	tC	scion_tC
1646	Scion	xA	scion_xA
1647	Scion	xB	scion_xB
1648	Scion	xD\n	scion_xD\n
1649	Seat	Alhambra	seat_Alhambra
1650	Seat	Altea	seat_Altea
1651	Seat	Arona	seat_Arona
1652	Seat	Arosa	seat_Arosa
1653	Seat	Ateca	seat_Ateca
1654	Seat	Cordoba	seat_Cordoba
1655	Seat	Exeo	seat_Exeo
1656	Seat	Formentor	seat_Formentor
1657	Seat	Ibiza	seat_Ibiza
1658	Seat	Inca	seat_Inca
1659	Seat	Leon	seat_Leon
1660	Seat	Leon Cupra	seat_Leon Cupra
1661	Seat	Malaga	seat_Malaga
1662	Seat	Marbella	seat_Marbella
1663	Seat	Mii	seat_Mii
1664	Seat	Tarraco	seat_Tarraco
1665	Seat	Terra	seat_Terra
1666	Seat	Toledo\n	seat_Toledo\n
1667	Setra	S\n	setra_S\n
1668	Skoda	Citigo	skoda_Citigo
1669	Skoda	Enyaq	skoda_Enyaq
1670	Skoda	Enyaq Coupe	skoda_Enyaq Coupe
1671	Skoda	Fabia	skoda_Fabia
1672	Skoda	Favorit	skoda_Favorit
1673	Skoda	Felicia	skoda_Felicia
1674	Skoda	Forman	skoda_Forman
1675	Skoda	Kamiq	skoda_Kamiq
1676	Skoda	Karoq	skoda_Karoq
1677	Skoda	Kodiaq	skoda_Kodiaq
1678	Skoda	Octavia	skoda_Octavia
1679	Skoda	Octavia RS	skoda_Octavia RS
1680	Skoda	Praktik	skoda_Praktik
1681	Skoda	Rapid	skoda_Rapid
1682	Skoda	Roomster	skoda_Roomster
1683	Skoda	Scala	skoda_Scala
1684	Skoda	Superb	skoda_Superb
1685	Skoda	Yeti\n	skoda_Yeti\n
1686	Smart	Coupe	smart_Coupe
1687	Smart	Forfour	smart_Forfour
1688	Smart	Fortwo	smart_Fortwo
1689	Smart	Roadster\n	smart_Roadster\n
1690	SsangYong	Actyon	ssangyong_Actyon
1691	SsangYong	Actyon Sports	ssangyong_Actyon Sports
1692	SsangYong	Chairman	ssangyong_Chairman
1693	SsangYong	Istana	ssangyong_Istana
1694	SsangYong	Korando	ssangyong_Korando
1695	SsangYong	Kyron	ssangyong_Kyron
1696	SsangYong	Musso	ssangyong_Musso
1697	SsangYong	Rexton	ssangyong_Rexton
1698	SsangYong	Rodius	ssangyong_Rodius
1699	SsangYong	Stavic	ssangyong_Stavic
1700	SsangYong	Tivoli\n	ssangyong_Tivoli\n
1701	Subaru	Ascent	subaru_Ascent
1702	Subaru	Baja	subaru_Baja
1703	Subaru	BRZ	subaru_BRZ
1704	Subaru	Forester	subaru_Forester
1705	Subaru	Impreza	subaru_Impreza
1706	Subaru	Justy	subaru_Justy
1707	Subaru	Legacy	subaru_Legacy
1708	Subaru	Leone	subaru_Leone
1709	Subaru	Levorg	subaru_Levorg
1710	Subaru	Libero	subaru_Libero
1711	Subaru	Outback	subaru_Outback
1712	Subaru	SVX	subaru_SVX
1713	Subaru	Tribeca	subaru_Tribeca
1714	Subaru	WRX	subaru_WRX
1715	Subaru	XT	subaru_XT
1716	Subaru	XV\n	subaru_XV\n
1717	Suzuki	Aerio	suzuki_Aerio
1718	Suzuki	Alto	suzuki_Alto
1719	Suzuki	Baleno	suzuki_Baleno
1720	Suzuki	Carry	suzuki_Carry
1721	Suzuki	Forenza	suzuki_Forenza
1722	Suzuki	Grand Vitara	suzuki_Grand Vitara
1723	Suzuki	Ignis	suzuki_Ignis
1724	Suzuki	Jimny	suzuki_Jimny
1725	Suzuki	Kizashi	suzuki_Kizashi
1726	Suzuki	Liana	suzuki_Liana
1727	Suzuki	Samurai	suzuki_Samurai
1728	Suzuki	Splash	suzuki_Splash
1729	Suzuki	Swift	suzuki_Swift
1730	Suzuki	SX4	suzuki_SX4
1731	Suzuki	Verona	suzuki_Verona
1732	Suzuki	Vitara	suzuki_Vitara
1733	Suzuki	Wagon R	suzuki_Wagon R
1734	Suzuki	XL7\n	suzuki_XL7\n
1735	Suzuki moto	Bandit	suzukimoto_Bandit
1736	Suzuki moto	B-King	suzukimoto_B-King
1737	Suzuki moto	Boulevard	suzukimoto_Boulevard
1738	Suzuki moto	Burgman	suzukimoto_Burgman
1739	Suzuki moto	DL	suzukimoto_DL
1740	Suzuki moto	DR	suzukimoto_DR
1741	Suzuki moto	DRZ	suzukimoto_DRZ
1742	Suzuki moto	Gladius	suzukimoto_Gladius
1743	Suzuki moto	GN	suzukimoto_GN
1744	Suzuki moto	GS	suzukimoto_GS
1745	Suzuki moto	GSR	suzukimoto_GSR
1746	Suzuki moto	GSX	suzukimoto_GSX
1747	Suzuki moto	GSX-F	suzukimoto_GSX-F
1748	Suzuki moto	GSX-R	suzukimoto_GSX-R
1749	Suzuki moto	GSX-S	suzukimoto_GSX-S
1750	Suzuki moto	Hayabusa	suzukimoto_Hayabusa
1751	Suzuki moto	Inazuma	suzukimoto_Inazuma
1752	Suzuki moto	Intruder	suzukimoto_Intruder
1753	Suzuki moto	Katana	suzukimoto_Katana
1754	Suzuki moto	KingQuad	suzukimoto_KingQuad
1755	Suzuki moto	LT	suzukimoto_LT
1756	Suzuki moto	LTZ	suzukimoto_LTZ
1757	Suzuki moto	Marauder	suzukimoto_Marauder
1758	Suzuki moto	RF	suzukimoto_RF
1759	Suzuki moto	RMZ	suzukimoto_RMZ
1760	Suzuki moto	RV	suzukimoto_RV
1761	Suzuki moto	Savage	suzukimoto_Savage
1762	Suzuki moto	SFV	suzukimoto_SFV
1763	Suzuki moto	SV	suzukimoto_SV
1764	Suzuki moto	TL	suzukimoto_TL
1765	Suzuki moto	VS	suzukimoto_VS
1766	Suzuki moto	V-Strom	suzukimoto_V-Strom
1767	Suzuki moto	VX	suzukimoto_VX
1768	Suzuki moto	VZ	suzukimoto_VZ
1769	Suzuki moto	XF\n	suzukimoto_XF\n
1770	Tagaz	LC100 Master\n	tagaz_LC100 Master\n
1771	Tata	Indica	tata_Indica
1772	Tata	Indigo	tata_Indigo
1773	Tata	Safari	tata_Safari
1774	Tata	Sierra	tata_Sierra
1775	Tata	Sumo\n	tata_Sumo\n
1776	Tatra	815	tatra_815
1777	Tatra	T613\n	tatra_T613\n
1778	Tesla	Model 3	tesla_Model 3
1779	Tesla	Model S	tesla_Model S
1780	Tesla	Model X	tesla_Model X
1781	Tesla	Model Y	tesla_Model Y
1782	Tesla	Roadster\n	tesla_Roadster\n
1783	Toyota	4Runner	toyota_4Runner
1784	Toyota	Alphard	toyota_Alphard
1785	Toyota	Altezza	toyota_Altezza
1786	Toyota	Auris	toyota_Auris
1787	Toyota	Avalon	toyota_Avalon
1788	Toyota	Avensis	toyota_Avensis
1789	Toyota	Avensis Verso	toyota_Avensis Verso
1790	Toyota	Aygo	toyota_Aygo
1791	Toyota	Camry	toyota_Camry
1792	Toyota	Carib	toyota_Carib
1793	Toyota	Carina	toyota_Carina
1794	Toyota	Carina E	toyota_Carina E
1795	Toyota	Celica	toyota_Celica
1796	Toyota	Chaser	toyota_Chaser
1797	Toyota	C-HR	toyota_C-HR
1798	Toyota	Corolla	toyota_Corolla
1799	Toyota	Corolla Cross	toyota_Corolla Cross
1800	Toyota	Corolla Verso	toyota_Corolla Verso
1801	Toyota	Corona	toyota_Corona
1802	Toyota	Crown	toyota_Crown
1803	Toyota	Dyna	toyota_Dyna
1804	Toyota	Echo	toyota_Echo
1805	Toyota	Estima	toyota_Estima
1806	Toyota	FJ Cruiser	toyota_FJ Cruiser
1807	Toyota	Fortuner	toyota_Fortuner
1808	Toyota	FunCargo	toyota_FunCargo
1809	Toyota	Gaia	toyota_Gaia
1810	Toyota	GT86	toyota_GT86
1811	Toyota	Harrier	toyota_Harrier
1812	Toyota	Hiace	toyota_Hiace
1813	Toyota	Highlander	toyota_Highlander
1814	Toyota	Hilux	toyota_Hilux
1815	Toyota	Ipsum	toyota_Ipsum
1816	Toyota	iQ	toyota_iQ
1817	Toyota	Land Cruiser	toyota_Land Cruiser
1818	Toyota	Land Cruiser Prado	toyota_Land Cruiser Prado
1819	Toyota	Lite Ace	toyota_Lite Ace
1820	Toyota	Mark II	toyota_Mark II
1821	Toyota	Matrix	toyota_Matrix
1822	Toyota	MR2	toyota_MR2
1823	Toyota	Paseo	toyota_Paseo
1824	Toyota	Passo	toyota_Passo
1825	Toyota	Picnic	toyota_Picnic
1826	Toyota	Previa	toyota_Previa
1827	Toyota	Prius	toyota_Prius
1828	Toyota	Prius C	toyota_Prius C
1829	Toyota	Prius Prime	toyota_Prius Prime
1830	Toyota	Prius V	toyota_Prius V
1831	Toyota	ProAce	toyota_ProAce
1832	Toyota	Probox	toyota_Probox
1833	Toyota	RAV4	toyota_RAV4
1834	Toyota	Sequoia	toyota_Sequoia
1835	Toyota	Sienna	toyota_Sienna
1836	Toyota	Soarer	toyota_Soarer
1837	Toyota	Solara	toyota_Solara
1838	Toyota	Starlet	toyota_Starlet
1839	Toyota	Supra	toyota_Supra
1840	Toyota	Tacoma	toyota_Tacoma
1841	Toyota	Tercel	toyota_Tercel
1842	Toyota	TownAce	toyota_TownAce
1843	Toyota	Tundra	toyota_Tundra
1844	Toyota	Urban Cruiser	toyota_Urban Cruiser
1845	Toyota	Venza	toyota_Venza
1846	Toyota	Verso	toyota_Verso
1847	Toyota	Verso-S	toyota_Verso-S
1848	Toyota	Voltz	toyota_Voltz
1849	Toyota	Voxy	toyota_Voxy
1850	Toyota	Yaris	toyota_Yaris
1851	Toyota	Yaris Verso\n	toyota_Yaris Verso\n
1852	Triumph	Bonneville	triumph_Bonneville
1853	Triumph	Daytona	triumph_Daytona
1854	Triumph	Rocket	triumph_Rocket
1855	Triumph	Speed	triumph_Speed
1856	Triumph	SpeedMaster	triumph_SpeedMaster
1857	Triumph	Speed Triple	triumph_Speed Triple
1858	Triumph	Sprint	triumph_Sprint
1859	Triumph	Street	triumph_Street
1860	Triumph	Thruxton	triumph_Thruxton
1861	Triumph	Thunderbird	triumph_Thunderbird
1862	Triumph	Tiger	triumph_Tiger
1863	Triumph	Trident	triumph_Trident
1864	Triumph	Trophy	triumph_Trophy
1865	Triumph	TT\n	triumph_TT\n
1866	Vespa	GTS\n	vespa_GTS\n
1867	Victory	Boardwalk	victory_Boardwalk
1868	Victory	Cross Country	victory_Cross Country
1869	Victory	Hammer	victory_Hammer
1870	Victory	Kingpin	victory_Kingpin
1871	Victory	Magnum	victory_Magnum
1872	Victory	Vegas	victory_Vegas
1873	Victory	Vision\n	victory_Vision\n
1874	Volkswagen	Amarok	volkswagen_Amarok
1875	Volkswagen	Ameo	volkswagen_Ameo
1876	Volkswagen	Arteon	volkswagen_Arteon
1877	Volkswagen	Atlas	volkswagen_Atlas
1878	Volkswagen	Atlas Cross Sport	volkswagen_Atlas Cross Sport
1879	Volkswagen	Beetle	volkswagen_Beetle
1880	Volkswagen	Bora	volkswagen_Bora
1881	Volkswagen	Caddy	volkswagen_Caddy
1882	Volkswagen	Caravelle	volkswagen_Caravelle
1883	Volkswagen	Corrado	volkswagen_Corrado
1884	Volkswagen	Crafter	volkswagen_Crafter
1885	Volkswagen	e-Golf	volkswagen_e-Golf
1886	Volkswagen	EOS	volkswagen_EOS
1887	Volkswagen	Fox	volkswagen_Fox
1888	Volkswagen	Golf	volkswagen_Golf
1889	Volkswagen	Golf Alltrack	volkswagen_Golf Alltrack
1890	Volkswagen	Golf GTI	volkswagen_Golf GTI
1891	Volkswagen	Golf Plus	volkswagen_Golf Plus
1892	Volkswagen	Golf R	volkswagen_Golf R
1893	Volkswagen	Golf R32	volkswagen_Golf R32
1894	Volkswagen	Golf Sportsvan	volkswagen_Golf Sportsvan
1895	Volkswagen	ID.3	volkswagen_ID.3
1896	Volkswagen	ID.4	volkswagen_ID.4
1897	Volkswagen	ID.5	volkswagen_ID.5
1898	Volkswagen	ID.6	volkswagen_ID.6
1899	Volkswagen	Jetta	volkswagen_Jetta
1900	Volkswagen	L80	volkswagen_L80
1901	Volkswagen	LT	volkswagen_LT
1902	Volkswagen	Lupo	volkswagen_Lupo
1903	Volkswagen	Multivan	volkswagen_Multivan
1904	Volkswagen	Passat	volkswagen_Passat
1905	Volkswagen	Passat Alltrack	volkswagen_Passat Alltrack
1906	Volkswagen	Passat CC	volkswagen_Passat CC
1907	Volkswagen	Passat USA	volkswagen_Passat USA
1908	Volkswagen	Phaeton	volkswagen_Phaeton
1909	Volkswagen	Pointer	volkswagen_Pointer
1910	Volkswagen	Polo	volkswagen_Polo
1911	Volkswagen	Polo Sedan	volkswagen_Polo Sedan
1912	Volkswagen	Routan	volkswagen_Routan
1913	Volkswagen	Santana	volkswagen_Santana
1914	Volkswagen	Scirocco	volkswagen_Scirocco
1915	Volkswagen	Sharan	volkswagen_Sharan
1916	Volkswagen	Taigo	volkswagen_Taigo
1917	Volkswagen	Taos	volkswagen_Taos
1918	Volkswagen	Taro	volkswagen_Taro
1919	Volkswagen	T-Cross	volkswagen_T-Cross
1920	Volkswagen	Teramont	volkswagen_Teramont
1921	Volkswagen	Tiguan	volkswagen_Tiguan
1922	Volkswagen	Touareg	volkswagen_Touareg
1923	Volkswagen	Touran	volkswagen_Touran
1924	Volkswagen	Transporter	volkswagen_Transporter
1925	Volkswagen	T-Roc	volkswagen_T-Roc
1926	Volkswagen	Up	volkswagen_Up
1927	Volkswagen	Vento\n	volkswagen_Vento\n
1928	Volvo	240	volvo_240
1929	Volvo	340	volvo_340
1930	Volvo	360	volvo_360
1931	Volvo	440	volvo_440
1932	Volvo	460	volvo_460
1933	Volvo	480	volvo_480
1934	Volvo	740	volvo_740
1935	Volvo	760	volvo_760
1936	Volvo	850	volvo_850
1937	Volvo	940	volvo_940
1938	Volvo	960	volvo_960
1939	Volvo	C30	volvo_C30
1940	Volvo	C70	volvo_C70
1941	Volvo	F	volvo_F
1942	Volvo	FE	volvo_FE
1943	Volvo	FH	volvo_FH
1944	Volvo	FL	volvo_FL
1945	Volvo	FLC	volvo_FLC
1946	Volvo	FM	volvo_FM
1947	Volvo	S40	volvo_S40
1948	Volvo	S60	volvo_S60
1949	Volvo	S60 Cross Country	volvo_S60 Cross Country
1950	Volvo	S70	volvo_S70
1951	Volvo	S80	volvo_S80
1952	Volvo	S90	volvo_S90
1953	Volvo	V40	volvo_V40
1954	Volvo	V40 Cross Country	volvo_V40 Cross Country
1955	Volvo	V50	volvo_V50
1956	Volvo	V60	volvo_V60
1957	Volvo	V60 Cross Country	volvo_V60 Cross Country
1958	Volvo	V70	volvo_V70
1959	Volvo	V90	volvo_V90
1960	Volvo	V90 Cross Country	volvo_V90 Cross Country
1961	Volvo	XC40	volvo_XC40
1962	Volvo	XC60	volvo_XC60
1963	Volvo	XC70	volvo_XC70
1964	Volvo	XC90\n	volvo_XC90\n
1965	Wartburg	353\n	wartburg_353\n
1966	Yamaha	FJ	yamaha_FJ
1967	Yamaha	FJR	yamaha_FJR
1968	Yamaha	FZ	yamaha_FZ
1969	Yamaha	FZR	yamaha_FZR
1970	Yamaha	FZS	yamaha_FZS
1971	Yamaha	Grizzly	yamaha_Grizzly
1972	Yamaha	Majersty	yamaha_Majersty
1973	Yamaha	MT	yamaha_MT
1974	Yamaha	Neos	yamaha_Neos
1975	Yamaha	Road Star	yamaha_Road Star
1976	Yamaha	RSV	yamaha_RSV
1977	Yamaha	Striker	yamaha_Striker
1978	Yamaha	TDM	yamaha_TDM
1979	Yamaha	TDR	yamaha_TDR
1980	Yamaha	TMAX	yamaha_TMAX
1981	Yamaha	TRX	yamaha_TRX
1982	Yamaha	Virago	yamaha_Virago
1983	Yamaha	VMAX	yamaha_VMAX
1984	Yamaha	WR	yamaha_WR
1985	Yamaha	XJ	yamaha_XJ
1986	Yamaha	XJR	yamaha_XJR
1987	Yamaha	X-MAX	yamaha_X-MAX
1988	Yamaha	XSR	yamaha_XSR
1989	Yamaha	XT	yamaha_XT
1990	Yamaha	XTZ	yamaha_XTZ
1991	Yamaha	XV	yamaha_XV
1992	Yamaha	XVS	yamaha_XVS
1993	Yamaha	XVZ	yamaha_XVZ
1994	Yamaha	YBR	yamaha_YBR
1995	Yamaha	YFZ	yamaha_YFZ
1996	Yamaha	YZ	yamaha_YZ
1997	Yamaha	YZF\n	yamaha_YZF\n
1998	Yuejin	1080\n	yuejin_1080\n
1999	Zotye	 T600	zotye_ T600
2000	Zotye	 Z300\n	zotye_ Z300\n
2001	ZX	Admiral-Pickup	zx_Admiral-Pickup
2002	ZX	Admiral-SUV	zx_Admiral-SUV
2003	ZX	Grand Tiger	zx_Grand Tiger
2004	ZX	Landmark\n	zx_Landmark\n
2005	Богдан	А092	богдан_А092
2006	Богдан	А1445\n	богдан_А1445\n
2007	ГАЗ	21	газ_21
2008	ГАЗ	24	газ_24
2009	ГАЗ	2410	газ_2410
2010	ГАЗ	2705	газ_2705
2011	ГАЗ	3102	газ_3102
2012	ГАЗ	31029	газ_31029
2013	ГАЗ	3110	газ_3110
2014	ГАЗ	31105	газ_31105
2015	ГАЗ	3221	газ_3221
2016	ГАЗ	3302	газ_3302
2017	ГАЗ	3307	газ_3307
2018	ГАЗ	3309	газ_3309
2019	ГАЗ	52	газ_52
2020	ГАЗ	53	газ_53
2021	ГАЗ	66	газ_66
2022	ГАЗ	69	газ_69
2023	ГАЗ	Volga Siber	газ_Volga Siber
2024	ГАЗ	Валдай	газ_Валдай
2025	ГАЗ	Газель	газ_Газель
2026	ГАЗ	Газель Next	газ_Газель Next
2027	ГАЗ	Газель Бизнес	газ_Газель Бизнес
2028	ГАЗ	Газон Next	газ_Газон Next
2029	ГАЗ	Соболь\n	газ_Соболь\n
2030	Днепр	К	днепр_К
2031	Днепр	МТ\n	днепр_МТ\n
2032	ЗАЗ	968М	заз_968М
2033	ЗАЗ	Chance	заз_Chance
2034	ЗАЗ	Forza	заз_Forza
2035	ЗАЗ	Lanos	заз_Lanos
2036	ЗАЗ	Sens	заз_Sens
2037	ЗАЗ	Vida	заз_Vida
2038	ЗАЗ	Таврия\n	заз_Таврия\n
2039	ЗиЛ	130	зил_130
2040	ЗиЛ	131	зил_131
2041	ЗиЛ	157	зил_157
2042	ЗиЛ	5301\n	зил_5301\n
2043	ИЖ	21251	иж_21251
2044	ИЖ	2126	иж_2126
2045	ИЖ	2715	иж_2715
2046	ИЖ	2717	иж_2717
2047	ИЖ	412	иж_412
2048	ИЖ	К	иж_К
2049	ИЖ	Комби	иж_Комби
2050	ИЖ	Орбита	иж_Орбита
2051	ИЖ	Планета	иж_Планета
2052	ИЖ	Юпитер\n	иж_Юпитер\n
2053	КамАЗ	4310	камаз_4310
2054	КамАЗ	5320	камаз_5320
2055	КамАЗ	5410	камаз_5410
2056	КамАЗ	5490	камаз_5490
2057	КамАЗ	5511	камаз_5511
2058	КамАЗ	6520\n	камаз_6520\n
2059	МАЗ	4370	маз_4370
2060	МАЗ	500	маз_500
2061	МАЗ	53363	маз_53363
2062	МАЗ	54323	маз_54323
2063	МАЗ	5440	маз_5440
2064	МАЗ	5516	маз_5516
2065	МАЗ	5551	маз_5551
2066	МАЗ	6430	маз_6430
2067	МАЗ	6516\n	маз_6516\n
2068	Минск	R250	минск_R250
2069	Минск	ММВЗ\n	минск_ММВЗ\n
2070	Москвич	2138	москвич_2138
2071	Москвич	2140	москвич_2140
2072	Москвич	2141	москвич_2141
2073	Москвич	402	москвич_402
2074	Москвич	408	москвич_408
2075	Москвич	412\n	москвич_412\n
2076	МТЗ	3022	мтз_3022
2077	МТЗ	80/82\n	мтз_80/82\n
2078	ПАЗ	3205\n	паз_3205\n
2079	УАЗ	310	уаз_310
2080	УАЗ	3151	уаз_3151
2081	УАЗ	3160	уаз_3160
2082	УАЗ	452	уаз_452
2083	УАЗ	469	уаз_469
2084	УАЗ	Hunter	уаз_Hunter
2085	УАЗ	Patriot	уаз_Patriot
2086	УАЗ	Pickup\n	уаз_Pickup\n
2087	Урал	375	урал_375
2088	Урал	4320	урал_4320
2089	Урал	К	урал_К
2090	Урал	М\n	урал_М\n
\.


--
-- Data for Name: mainapp_category; Type: TABLE DATA; Schema: public; Owner: admin
--

COPY public.mainapp_category (id, name, url) FROM stdin;
0	CD-чейнджер\n	cd-cheyndzher\n
1	DVD\n	dvd\n
2	DVD-чейнджер\n	dvd-cheyndzher\n
3	GPS трекер\n	gps-treker\n
4	TV тюнер\n	tv-tyuner\n
5	Абсорбер бампера\n	absorber-bampera\n
6	Автономный кондиционер\n	avtonomnyy-konditsioner\n
7	Автономный отопитель\n	avtonomnyy-otopitel\n
8	Адаптер CCS\n	blok-ccs\n
9	Адсорбер\n	adsorber\n
10	Аккумулятор (АКБ)\n	akkumulyator-akb\n
11	Аккумуляторный ящик (АКБ)\n	akkumulyatornyy-yashchik-akb\n
12	Активатор (привод) замка двери\n	aktivator-privod-zamka-dveri\n
13	Активатор замка багажника\n	aktivator-zamka-bagazhnika\n
14	Активатор замка крышки топливного бака\n	aktivator-zamka-kryshki-toplivnogo-baka\n
15	Актуатор HSR\n	aktuator-hsr\n
16	Актуатор выбора передач\n	aktuator-vybora-peredach\n
17	Актуатор раздаточной коробки\n	aktuator-razdatochnoy-korobki\n
18	Актуатор сцепления\n	aktuator-stsepleniya\n
19	Амортизатор (демпфер) рулевой рейки\n	amortizator-dempfer-rulevoy-reyki\n
20	Амортизатор бардачка\n	amortizator-bardachka\n
21	Амортизатор двери\n	amortizator-dveri\n
22	Амортизатор задний\n	amortizator-zadniy\n
23	Амортизатор задний левый\n	amortizator-zadniy-levyy\n
24	Амортизатор задний правый\n	amortizator-zadniy-pravyy\n
25	Амортизатор кабины\n	amortizator-kabiny\n
26	Амортизатор капота\n	amortizator-kapota\n
27	Амортизатор крышки багажника (3-5 двери)\n	amortizator-kryshki-bagazhnika-3-5-dveri\n
28	Амортизатор передний\n	amortizator-peredniy\n
29	Амортизатор передний левый\n	amortizator-peredniy-levyy\n
30	Амортизатор передний правый\n	amortizator-peredniy-pravyy\n
31	Амортизатор пола багажника\n	amortizator-pola-bagazhnika\n
32	Амортизатор рулевой колонки\n	amortizator-rulevoy-kolonki\n
33	Амортизатор сиденья\n	amortizator-sidenya\n
34	Амортизатор спальника\n	amortizator-spalnika\n
35	Амортизатор стекла багажника\n	amortizator-stekla-bagazhnika\n
36	Ангельские глазки в фары\n	angelskie-glazki-v-fary\n
37	Антенна\n	antenna\n
38	Антенна Bluetooth\n	antenna-bluetooth\n
39	Антенна иммобилайзера\n	antenna-immobilayzera\n
40	Антенна навигации\n	antenna-navigatsii\n
41	Антенна сигнализации\n	antenna-signalizatsii\n
42	Антенна системы Комфортный доступ\n	antenna-sistemy-komfortnyy-dostup\n
43	Аптечка\n	aptechka\n
44	Арка задняя левая\n	arka-zadnyaya-levaya\n
45	Арка задняя правая\n	arka-zadnyaya-pravaya\n
46	Арка передняя левая\n	arka-perednyaya-levaya\n
47	Арка передняя правая\n	arka-perednyaya-pravaya\n
48	Аудиосистема (комплект)\n	audiosistema-komplekt\n
49	Багажник на крышу\n	bagazhnik-na-kryshu\n
50	Бак AdBlue\n	bak-adblue\n
51	Бак гидравлический\n	bak-gidravlicheskiy\n
52	Бак масляный\n	bak-maslyanyy\n
53	Бак топливный\n	bak-toplivnyy\n
54	Балка оси передней\n	balka-osi-peredney\n
55	Балка под КПП\n	balka-pod-kpp\n
56	Балка под радиатор\n	balka-pod-radiator\n
57	Балка подвески задняя\n	balka-podveski-zadnyaya\n
58	Балка подвески передняя (подрамник)\n	balka-podveski-perednyaya-podramnik\n
59	Бампер задний\n	bamper-zadniy\n
60	Бампер передний\n	bamper-peredniy\n
61	Барабан АКПП\n	baraban-akpp\n
62	Барабан тормозной\n	baraban-tormoznoy\n
63	Бардачок\n	bardachok\n
64	Бачок LHM\n	bachok-lhm\n
65	Бачок гидроусилителя\n	bachok-gidrousilitelya\n
66	Бачок главного тормозного цилиндра\n	bachok-glavnogo-tormoznogo-tsilindra\n
67	Бачок главного цилиндра сцепления\n	bachok-glavnogo-tsilindra-stsepleniya\n
68	Бачок иолиса\n	bachok-iolisa\n
69	Бачок кондиционера\n	bachok-konditsionera\n
70	Бачок омывателя\n	bachok-omyvatelya\n
71	Бачок омывателя фар\n	bachok-omyvatelya-far\n
72	Бачок расширительный\n	bachok-rasshiritelnyy\n
73	Бачок тормозной жидкости\n	bachok-tormoznoy-zhidkosti\n
74	Башмак рессоры\n	bashmak-ressory\n
75	Бендикс (обгонная муфта) стартера\n	bendiks-obgonnaya-mufta-startera\n
76	Беспроводное зарядное устройство\n	besprovodnoe-zaryadnoe-ustroystvo\n
77	Бленда\n	blenda\n
78	Блок ABS\n	blok-abs\n
79	Блок AirBag\n	blok-airbag\n
80	Блок AKS\n	blok-aks\n
81	Блок Bluetooth\n	blok-bluetooth\n
82	Блок BSI\n	blok-bsi\n
83	Блок BSM\n	blok-bsm\n
84	Блок CEM\n	blok-cem\n
85	Блок FFR\n	blok-ffr\n
86	Блок Gateway\n	blok-gateway\n
87	Блок REM\n	blok-rem\n
88	Блок SAM\n	blok-sam\n
89	Блок VCM LTE\n	blok-vcm-lte\n
90	Блок VECU\n	blok-vecu\n
91	Блок VIC\n	blok-vic\n
92	Блок ZBR\n	blok-zbr\n
93	Блок аварийного вызова\n	blok-avariynogo-vyzova\n
94	Блок бортовой сети (блок управления BCM)\n	blok-bortovoy-seti\n
95	Блок клапанов активного стабилизатора\n	blok-klapanov-aktivnogo-stabilizatora\n
96	Блок клапанов гидроподвески\n	blok-klapanov-gidropodveski\n
97	Блок клапанов пневмоподвески\n	blok-klapanov-pnevmopodveski\n
98	Блок кнопок\n	blok-knopok\n
99	Блок комфорта\n	blok-komforta\n
100	Блок контроля аккумулятора (АКБ)\n	blok-kontrolya-akb\n
101	Блок контроля давления в шинах\n	blok-kontrolya-davleniya-v-shinakh\n
102	Блок контроля мощности\n	blok-kontrolya-moshchnosti\n
103	Блок координатор\n	blok-koordinator\n
104	Блок круиз-контроля\n	blok-kruiz-kontrolya\n
105	Блок мультимедиа\n	blok-multimedia\n
106	Блок навигации\n	blok-navigatsii\n
107	Блок памяти сидений\n	blok-pamyati-sideniy\n
108	Блок питания\n	blok-pitaniya\n
109	Блок предохранителей\n	blok-predokhraniteley\n
110	Блок радио\n	blok-radio\n
111	Блок регулировки угла наклона фар\n	blok-regulirovki-ugla-naklona-far\n
112	Блок реле\n	blok-rele\n
113	Блок розжига LED\n	blok-rozzhiga-led\n
114	Блок розжига ксенона\n	blok-rozzhiga-ksenona\n
115	Блок ручника (стояночного тормоза)\n	blok-ruchnika-stoyanochnogo-tormoza\n
116	Блок согласования фаркопа\n	blok-soglasovaniya-farkopa\n
117	Блок соленоидов АКПП\n	blok-solenoidov-akpp\n
118	Блок считывания ключ-карты\n	blok-schityvaniya-klyuch-karty\n
119	Блок управления (другие)\n	blok-upravleniya-drugie\n
120	Блок управления AAM\n	blok-upravleniya-aam\n
121	Блок управления ABS\n	blok-upravleniya-abs\n
122	Блок управления Active Sound Design\n	blok-upravleniya-active-sound-design\n
123	Блок управления AdBlue\n	blok-upravleniya-adblue\n
124	Блок управления AGW\n	blok-agw\n
125	Блок управления AMI\n	blok-upravleniya-ami\n
126	Блок управления BDC\n	blok-upravleniya-bdc\n
127	Блок управления BSD\n	blok-upravleniya-bsd\n
128	Блок управления CAS\n	blok-upravleniya-cas\n
129	Блок управления CDM\n	blok-upravleniya-cdm\n
130	Блок управления DMI\n	blok-upravleniya-dmi\n
131	Блок управления Dynamic Drive\n	blok-upravleniya-dynamic-drive\n
132	Блок управления Easytronic\n	blok-upravleniya-easytronic\n
133	Блок управления EBS\n	blok-upravleniya-ebs\n
134	Блок управления EGAS\n	blok-upravleniya-egas\n
135	Блок управления EM\n	blok-upravleniya-em\n
136	Блок управления ESC\n	blok-upravleniya-esc\n
137	Блок управления ESP\n	blok-upravleniya-esp\n
138	Блок управления ETS\n	blok-upravleniya-ets\n
139	Блок управления FEM\n	blok-upravleniya-fem\n
140	Блок управления FFC\n	blok-upravleniya-ffc\n
141	Блок управления HSR\n	blok-upravleniya-hsr\n
142	Блок управления ICM\n	blok-upravleniya-icm\n
143	Блок управления KaFAS\n	blok-upravleniya-kafas\n
144	Блок управления KSM\n	blok-upravleniya-ksm\n
145	Блок управления MPX\n	blok-upravleniya-mpx\n
146	Блок управления PTM\n	blok-upravleniya-ptm\n
147	Блок управления SAS\n	blok-upravleniya-sas\n
148	Блок управления Shift Lock\n	blok-upravleniya-shift-lock\n
149	Блок управления USB\n	blok-upravleniya-usb\n
150	Блок управления VCM\n	blok-upravleniya-vcm\n
151	Блок управления VDP\n	blok-upravleniya-vdp\n
152	Блок управления VVT Valvetronic\n	blok-upravleniya-vvt-valvetronic\n
153	Блок управления ZGW\n	blok-upravleniya-zgw\n
154	Блок управления автономным отопителем\n	blok-upravleniya-avtonomnym-otopitelem\n
155	Блок управления автопилотом\n	blok-upravleniya-avtopilotom\n
156	Блок управления аккумулятором (АКБ)\n	blok-upravleniya-akkumulyatorom-akb\n
157	Блок управления АКПП\n	blok-upravleniya-akpp\n
158	Блок управления бесключевым доступом\n	blok-upravleniya-besklyuchevym-dostupom\n
159	Блок управления блокировкой дифференциала\n	blok-upravleniya-blokirovkoy-differentsiala\n
160	Блок управления вентилятором радиатора\n	blok-upravleniya-ventilyatorom-radiatora\n
161	Блок управления газового оборудования\n	blok-upravleniya-gazovogo-oborudovaniya\n
669	Коленвал\n	kolenval\n
162	Блок управления гибрида\n	blok-upravleniya-gibrida\n
163	Блок управления гидроподвеской\n	blok-upravleniya-gidropodveskoy\n
164	Блок управления двери\n	blok-upravleniya-dveri\n
165	Блок управления двери задней левой\n	blok-upravleniya-dveri-zadney-levoy\n
166	Блок управления двери задней правой\n	blok-upravleniya-dveri-zadney-pravoy\n
167	Блок управления двери передней левой\n	blok-upravleniya-dveri-peredney-levoy\n
168	Блок управления двери передней правой\n	blok-upravleniya-dveri-peredney-pravoy\n
169	Блок управления двигателем\n	blok-upravleniya-dvigatelem\n
170	Блок управления движением по полосам\n	blok-upravleniya-dvizheniem-po-polosam\n
171	Блок управления дистанционным запуском\n	blok-upravleniya-distantsionnym-zapuskom\n
172	Блок управления заднего редуктора\n	blok-upravleniya-zadnego-reduktora\n
173	Блок управления заднего функционального модуля\n	blok-upravleniya-zadnego-funktsionalnogo-modulya\n
174	Блок управления зеркалами\n	blok-upravleniya-zerkalami\n
175	Блок управления кабины\n	blok-upravleniya-kabiny\n
176	Блок управления камерой\n	blok-upravleniya-kameroy\n
177	Блок управления кнопками руля\n	blok-upravleniya-knopkami-rulya\n
178	Блок управления коммутационным центром\n	blok-upravleniya-kommutatsionnym-tsentrom\n
179	Блок управления кондиционера\n	blok-upravleniya-konditsionera\n
180	Блок управления круговым обзором\n	blok-upravleniya-krugovym-obzorom\n
181	Блок управления крыши / люка\n	blok-upravleniya-kryshi-lyuka\n
182	Блок управления крышкой багажника\n	blok-upravleniya-kryshkoy-bagazhnika\n
183	Блок управления магнитолой\n	blok-upravleniya-magnitoloy\n
184	Блок управления монитором\n	blok-upravleniya-monitorom\n
185	Блок управления моторным тормозом\n	blok-upravleniya-motornym-tormozom\n
186	Блок управления муфты Haldex\n	blok-upravleniya-mufty-haldex\n
187	Блок управления ограничения скорости (CVM)\n	blok-upravleniya-ogranicheniya-skorosti\n
188	Блок управления парктрониками\n	blok-upravleniya-parktronikami\n
189	Блок управления печки/климат-контроля\n	blok-upravleniya-pechki-klimat-kontrolya\n
190	Блок управления пневмоподвеской\n	blok-upravleniya-pnevmopodveskoy\n
191	Блок управления подогревом лобового стекла\n	blok-upravleniya-podogrevom-lobovogo-stekla\n
192	Блок управления подогревом сидения\n	blok-upravleniya-podogrevom-sideniya\n
193	Блок управления подрулевыми переключателями\n	blok-upravleniya-podrulevymi-pereklyuchatelyami\n
194	Блок управления полным приводом\n	blok-upravleniya-polnym-privodom\n
195	Блок управления противоугонной системой\n	blok-upravleniya-protivougonnoy-sistemoy\n
196	Блок управления раздаточной коробки\n	blok-upravleniya-razdatochnoy-korobki\n
197	Блок управления ремнем безопасности\n	blok-upravleniya-remnem-bezopasnosti\n
198	Блок управления ретардером\n	blok-upravleniya-retarderom\n
199	Блок управления роботизированной КПП\n	blok-upravleniya-robotizirovannoy-kpp\n
200	Блок управления рулевой колонки\n	blok-upravleniya-rulevoy-kolonki\n
201	Блок управления рулевой рейки\n	blok-upravleniya-rulevoy-reyki\n
202	Блок управления светом\n	blok-upravleniya-svetom\n
203	Блок управления светом AFS\n	blok-upravleniya-svetom-afs\n
204	Блок управления светом HCM\n	blok-upravleniya-svetom-hcm\n
205	Блок управления сервотроника\n	blok-upravleniya-servotronika\n
206	Блок управления сигнализацией\n	blok-upravleniya-signalizatsiey\n
207	Блок управления сиденьем\n	blok-upravleniya-sidenem\n
208	Блок управления системы Комфортный доступ\n	blok-upravleniya-sistemy-komfortnyy-dostup\n
209	Блок управления системы нейтрализации ОГ\n	blok-upravleniya-sistemy-neytralizatsii-og\n
210	Блок управления системы распознавания объектов\n	blok-upravleniya-sistemy-raspoznavaniya-obektov\n
211	Блок управления стеклоочистителя (дворника)\n	blok-upravleniya-stekloochistitelya-dvornika\n
212	Блок управления стеклоподъемниками\n	blok-upravleniya-steklopodemnikami\n
213	Блок управления телекоммуникаций\n	blok-upravleniya-telekommunikatsiy\n
214	Блок управления телефоном\n	blok-upravleniya-telefonom\n
215	Блок управления ТНВД\n	blok-upravleniya-tnvd\n
216	Блок управления топливным насосом\n	blok-upravleniya-toplivnym-nasosom\n
217	Блок управления турбиной\n	blok-upravleniya-turbinoy\n
218	Блок управления форсунками\n	blok-upravleniya-forsunkami\n
219	Блок управления центральным замком\n	blok-upravleniya-tsentralnym-zamkom\n
220	Блок управления электроусилителя руля\n	blok-upravleniya-elektrousilitelya-rulya\n
221	Блок цилиндров\n	blok-tsilindrov\n
222	Боковина кузова левая\n	bokovina-kuzova-levaya\n
223	Боковина кузова правая\n	bokovina-kuzova-pravaya\n
224	Бокс выдвижной под сиденье\n	boks-vydvizhnoy-pod-sidene\n
225	Бокс межкресельный\n	boks-mezhkreselnyy\n
226	Болт\n	bolt\n
227	Болт генератора\n	bolt-generatora\n
228	Болт колесный\n	bolt-kolesnyy\n
229	Болт крепления форсунки\n	bolt-krepleniya-forsunki\n
230	Болт маховика\n	bolt-makhovika\n
231	Болт натяжения торсиона\n	bolt-natyazheniya-torsiona\n
232	Болт развальный\n	bolt-razvalnyy\n
233	Болт суппорта\n	bolt-supporta\n
234	Болт шкива коленвала\n	bolt-shkiva-kolenvala\n
235	Борт откидной\n	bort-otkidnoy\n
236	Брелок (пульт дистанционного управления)\n	brelok-pult-distantsionnogo-upravleniya\n
237	Брызговик\n	bryzgovik\n
238	Вакуумный модулятор АКПП\n	vakuumnyy-modulyator-akpp\n
239	Вакуумный ресивер\n	vakuumnyy-resiver\n
240	Вакуумный усилитель тормозов\n	vakuumnyy-usilitel-tormozov\n
241	Вал балансирный\n	val-balansirnyy\n
242	Вал КПП (АКПП, раздатки)\n	val-kpp-akpp-razdatki\n
243	Вал промежуточный\n	val-promezhutochnyy\n
244	Вал рулевой рейки\n	val-rulevoy-reyki\n
245	Вал ТНВД\n	val-tnvd\n
246	Вал тормозной\n	val-tormoznoy\n
247	Вариатор\n	variator\n
248	Велобагажник на крышку багажника\n	velobagazhnik-na-kryshku-bagazhnika\n
249	Велобагажник на крышу\n	velobagazhnik-na-kryshu\n
250	Велобагажник на фаркоп\n	velobagazhnik-na-farkop\n
251	Венец зубчатый маховика\n	venets-zubchatyy-makhovika\n
252	Вентиль для колес (ниппель)\n	ventil-dlya-koles-nippel\n
253	Вентилятор интеркулера\n	ventilyator-interkulera\n
254	Вентилятор кондиционера\n	ventilyator-konditsionera\n
255	Вентилятор охлаждения батареи\n	ventilyator-okhlazhdeniya-batarei\n
256	Вентилятор охлаждения инвертора\n	ventilyator-okhlazhdeniya-invertora\n
257	Вентилятор охлаждения отсека электроники\n	ventilyator-okhlazhdeniya-otseka-elektroniki\n
258	Вентилятор радиатора\n	ventilyator-radiatora\n
259	Ветрозащитная перегородка\n	vetrozashchitnaya-peregorodka\n
260	Вещевой ящик центральной консоли\n	veshchevoy-yashchik-tsentralnoy-konsoli\n
261	Вибромотор руля\n	vibromotor-rulya\n
262	Видеомодуль\n	videomodul\n
263	Вилка амортизатора\n	vilka-amortizatora\n
264	Вилка КПП\n	vilka-kpp\n
265	Вилка стартера\n	vilka-startera\n
266	Вилка сцепления\n	vilka-stsepleniya\n
267	Винтовая подвеска (койловеры)\n	vintovaya-podveska-koylovery\n
268	Вискомуфта\n	viskomufta\n
269	Вкладыш коренной\n	vkladysh-korennoy\n
270	Вкладыш распредвала\n	vkladysh-raspredvala\n
271	Вкладыш шатунный\n	vkladysh-shatunnyy\n
272	Водосток капота\n	vodostok-kapota\n
273	Водосток крышки багажника левый\n	vodostok-kryshki-bagazhnika-levyy\n
274	Водосток крышки багажника правый\n	vodostok-kryshki-bagazhnika-pravyy\n
275	Воздуховод\n	vozdukhovod\n
276	Воздуховод интеркулера\n	vozdukhovod-interkulera\n
277	Воздуховод отопителя (печки)\n	vozdukhovod-otopitelya-pechki\n
278	Воздуховод радиатора\n	vozdukhovod-radiatora\n
279	Воздуховод тормозной левый\n	vozdukhovod-tormoznoy-levyy\n
280	Воздуховод тормозной правый\n	vozdukhovod-tormoznoy-pravyy\n
281	Воздухозаборник\n	vozdukhozabornik\n
282	Втулка направляющая выжимного подшипника\n	vtulka-napravlyayushchaya-vyzhimnogo-podshipnika\n
283	Втулка руля\n	vtulka-rulya\n
284	Втулка стабилизатора\n	vtulka-stabilizatora\n
285	Втулка стеклоочистителя\n	vtulka-stekloochistitelya\n
286	Втулка шлицевая АКПП\n	vtulka-shlitsevaya-akpp\n
287	Выключатель концевой (концевик)\n	vyklyuchatel-kontsevoy-kontsevik\n
288	Выключатель массы (контактор)\n	vyklyuchatel-massy-kontaktor\n
289	Высоковольтная батарея\n	vysokovoltnaya-batareya\n
290	Газовое оборудование (комплект)\n	gazovoe-oborudovanie-komplekt\n
291	Газовый баллон\n	gazovyy-ballon\n
292	Газовый редуктор\n	gazovyy-reduktor\n
293	Гайка для форсунки\n	gayka-dlya-forsunki\n
294	Гайка колесная\n	gayka-kolesnaya\n
295	Гайка ступицы\n	gayka-stupitsy\n
296	Гайка топливного насоса\n	gayka-toplivnogo-nasosa\n
297	Генератор\n	generator\n
298	Генератор звука двигателя\n	generator-zvuka-dvigatelya\n
299	Генератор импульсов\n	generator-impulsov\n
300	Герметик для шин штатный\n	germetik-dlya-shin-shtatnyy\n
301	Гидроаккумулятор\n	gidroakkumulyator\n
302	Гидроблок АКПП\n	gidroblok-akpp\n
303	Гидроборт\n	gidrobort\n
304	Гидрокомпенсатор\n	gidrokompensator\n
305	Гидромуфта\n	gidromufta\n
306	Гидростойка задняя левая\n	gidrostoyka-zadnyaya-levaya\n
307	Гидростойка задняя правая\n	gidrostoyka-zadnyaya-pravaya\n
308	Гидростойка передняя левая\n	gidrostoyka-perednyaya-levaya\n
309	Гидростойка передняя правая\n	gidrostoyka-perednyaya-pravaya\n
310	Гидросфера\n	gidrosfera\n
311	Гидросфера задняя левая\n	gidrosfera-zadnyaya-levaya\n
312	Гидросфера задняя правая\n	gidrosfera-zadnyaya-pravaya\n
313	Гидросфера передняя левая\n	gidrosfera-perednyaya-levaya\n
314	Гидросфера передняя правая\n	gidrosfera-perednyaya-pravaya\n
315	Гидротрансформатор АКПП (бублик)\n	gidrotransformator-akpp\n
316	Гидроцилиндр задний\n	zadniy-gidrotsilindr\n
317	Гидроцилиндр рулевой\n	gidrotsilindr-rulevoy\n
318	Гильза цилиндра\n	gilza-tsilindra\n
319	Гироскоп\n	giroskop\n
320	Глушитель\n	glushitel\n
321	Глушитель автономного отопителя\n	glushitel-avtonomnogo-otopitelya\n
322	Головка блока цилиндров\n	golovka-bloka-tsilindrov\n
323	Головка стартера\n	golovka-startera\n
324	Горелка автономного отопителя\n	gorelka-avtonomnogo-otopitelya\n
325	Горловина бака AdBlue\n	gorlovina-baka-adblue\n
326	Горловина бачка омывателя\n	gorlovina-bachka-omyvatelya\n
327	Горловина топливного бака\n	gorlovina-toplivnogo-baka\n
328	Горный тормоз (ретардер)\n	gornyy-tormoz-retarder\n
329	Гофра глушителя\n	gofra-glushitelya\n
330	Гофра инжектора\n	gofra-inzhektora\n
331	Гофра проводки багажника\n	gofra-provodki-bagazhnika\n
332	Гофра проводки двери\n	gofra-provodki-dveri\n
333	Грузики руля\n	gruziki-rulya\n
334	Датчик (прочие)\n	datchik-prochie\n
335	Датчик ABS\n	datchik-abs\n
336	Датчик ABS задний\n	datchik-abs-zadniy\n
337	Датчик ABS передний\n	datchik-abs-peredniy\n
338	Датчик AdBlue\n	datchik-adblue\n
339	Датчик AirBag\n	datchik-airbag\n
340	Датчик NOx\n	datchik-nox\n
341	Датчик абсолютного давления\n	datchik-absolyutnogo-davleniya\n
342	Датчик воды в топливном фильтре\n	datchik-vody-v-toplivnom-filtre\n
343	Датчик давления в шине\n	datchik-davleniya-v-shine\n
344	Датчик давления выхлопных газов\n	datchik-davleniya-vykhlopnykh-gazov\n
345	Датчик давления масла\n	datchik-davleniya-masla\n
346	Датчик давления масла АКПП\n	datchik-davleniya-masla-akpp\n
347	Датчик давления наддува\n	datchik-davleniya-nadduva\n
348	Датчик давления пневмосистемы\n	datchik-davleniya-pnevmosistemy\n
349	Датчик давления топлива\n	datchik-davleniya-topliva\n
350	Датчик давления тормозной жидкости\n	datchik-davleniya-tormoznoy-zhidkosti\n
351	Датчик детонации\n	datchik-detonatsii\n
352	Датчик доводчика багажника (двери)\n	datchik-dovodchika-bagazhnika-dveri\n
353	Датчик дождя\n	datchik-dozhdya\n
354	Датчик загрязнения воздуха\n	datchik-zagryazneniya-vozdukha\n
355	Датчик заднего хода (лягушка)\n	datchik-zadnego-khoda-lyagushka\n
356	Датчик закрытия крышки багажника\n	datchik-zakrytiya-kryshki-bagazhnika\n
357	Датчик звукового сигнала (зуммер)\n	datchik-zvukovogo-signala-zummer\n
358	Датчик износа тормозных колодок задний\n	datchik-iznosa-tormoznykh-kolodok-zadniy\n
359	Датчик износа тормозных колодок передний\n	datchik-iznosa-tormoznykh-kolodok-peredniy\n
360	Датчик иммобилайзера\n	datchik-immobilayzera\n
361	Датчик клапана турбины\n	datchik-klapana-turbiny\n
362	Датчик коленвала\n	datchik-kolenvala\n
363	Датчик кондиционера\n	datchik-konditsionera\n
364	Датчик круиз-контроля\n	datchik-kruiz-kontrolya\n
365	Датчик курсовой устойчивости\n	datchik-kursovoy-ustoychivosti\n
366	Датчик мертвых (слепых) зон\n	datchik-mertvykh-slepykh-zon\n
367	Датчик наклона (падения) мотоцикла\n	datchik-naklona-padeniya-mototsikla\n
368	Датчик нейтральной передачи\n	datchik-neytralnoy-peredachi\n
369	Датчик оборотов ТНВД\n	datchik-oborotov-tnvd\n
370	Датчик парктроника\n	datchik-parktronika\n
371	Датчик педали тормоза (лягушка)\n	datchik-pedali-tormoza-lyagushka\n
372	Датчик пламени автономного отопителя\n	datchik-plameni-avtonomnogo-otopitelya\n
373	Датчик положения АКПП (позиционер)\n	datchik-polozheniya-akpp-pozitsioner\n
374	Датчик положения боковой подножки\n	datchik-polozheniya-bokovoy-podnozhki\n
375	Датчик положения дроссельной заслонки\n	datchik-polozheniya-drosselnoy-zaslonki\n
376	Датчик положения кузова\n	datchik-polozheniya-kuzova\n
377	Датчик положения люка\n	datchik-polozheniya-lyuka\n
378	Датчик положения педали газа\n	datchik-polozheniya-pedali-gaza\n
379	Датчик положения педали сцепления\n	datchik-polozheniya-pedali-stsepleniya\n
380	Датчик положения педали тормоза\n	datchik-polozheniya-pedali-tormoza\n
381	Датчик положения подвески\n	datchik-polozheniya-podveski\n
382	Датчик присутствия\n	datchik-prisutstviya\n
383	Датчик раздаточной коробки\n	datchik-razdatochnoy-korobki\n
384	Датчик распредвала\n	datchik-raspredvala\n
385	Датчик рулевой рейки (сервотроник)\n	datchik-rulevoy-reyki-servotronik\n
386	Датчик света\n	datchik-sveta\n
387	Датчик сигнализации\n	datchik-signalizatsii\n
388	Датчик системы защиты пешеходов\n	datchik-sistemy-zashchity-peshekhodov\n
389	Датчик системы Комфортный доступ\n	datchik-sistemy-komfortnyy-dostup\n
390	Датчик системы рециркуляции EGR\n	datchik-sistemy-retsirkulyatsii-egr\n
391	Датчик скорости\n	datchik-skorosti\n
392	Датчик температуры\n	datchik-temperatury\n
393	Датчик температуры автономного отопителя\n	datchik-temperatury-avtonomnogo-otopitelya\n
394	Датчик температуры выхлопных газов\n	datchik-temperatury-vykhlopnykh-gazov\n
395	Датчик температуры охлаждающей жидкости\n	datchik-temperatury-okhlazhdayushchey-zhidkosti\n
396	Датчик топливного фильтра\n	datchik-toplivnogo-filtra\n
397	Датчик угла поворота руля\n	datchik-ugla-povorota-rulya\n
398	Датчик удара\n	datchik-udara\n
399	Датчик уровня масла\n	datchik-urovnya-masla\n
400	Датчик уровня омывающей жидкости\n	datchik-urovnya-omyvayushchey-zhidkosti\n
401	Датчик уровня охлаждающей жидкости\n	datchik-urovnya-okhlazhdayushchey-zhidkosti\n
402	Датчик уровня топлива\n	datchik-urovnya-topliva\n
403	Датчик уровня тормозной жидкости\n	datchik-urovnya-tormoznoy-zhidkosti\n
404	Датчик ускорения\n	datchik-uskoreniya\n
405	Датчик холодного пуска\n	datchik-kholodnogo-puska\n
406	Датчик холостого хода\n	datchik-kholostogo-khoda\n
407	Датчик частоты вращения вала АКПП\n	datchik-chastoty-vrashcheniya-vala-akpp\n
408	Датчик эксцентрикового вала\n	datchik-ekstsentrikovogo-vala\n
409	Дверь задняя левая\n	dver-zadnyaya-levaya\n
410	Дверь задняя правая\n	dver-zadnyaya-pravaya\n
411	Дверь задняя распашная левая\n	dver-zadnyaya-raspashnaya-levaya\n
412	Дверь задняя распашная правая\n	dver-zadnyaya-raspashnaya-pravaya\n
413	Дверь передняя левая\n	dver-perednyaya-levaya\n
414	Дверь передняя правая\n	dver-perednyaya-pravaya\n
415	Дверь сдвижная\n	dver-sdvizhnaya\n
416	Дверь сдвижная левая\n	dver-sdvizhnaya-levaya\n
417	Дверь сдвижная правая\n	dver-sdvizhnaya-pravaya\n
418	Двигатель\n	dvigatel\n
419	Двигатель вентилятора радиатора\n	dvigatel-ventilyatora-radiatora\n
420	Двигатель регулировки фаз газораспределения Valvetronic\n	dvigatel-regulirovki-faz-gazoraspredeleniya-valvetronic\n
421	Двигатель электролюка\n	dvigatel-elektrolyuka\n
422	Декоративная крышка двигателя\n	dekorativnaya-kryshka-dvigatelya\n
423	Демпфер\n	dempfer\n
424	Держатель SIM-карты\n	derzhatel-sim-karty\n
425	Держатель капота\n	derzhatel-kapota\n
426	Дефлектор (обтекатель) кабины\n	deflektor-obtekatel-kabiny\n
427	Дефлектор капота\n	deflektor-kapota\n
428	Дефлектор обдува салона\n	deflektor-obduva-salona\n
429	Дефлектор радиатора\n	deflektor-radiatora\n
430	Дефлекторы окон (ветровики)\n	deflektory-okon-vetroviki\n
431	Джойстик регулировки зеркал\n	dzhoystik-regulirovki-zerkal\n
432	Джойстик регулировки рулевой колонки\n	dzhoystik-regulirovki-rulevoy-kolonki\n
433	Джойстик управления мультимедиа\n	dzhoystik-upravleniya-multimedia\n
434	Диагностический интерфейс\n	diagnosticheskiy-interfeys\n
435	Динамик\n	dinamik\n
436	Динамик высокочастотный (пищалка)\n	dinamik-vysokochastotnyy-pishchalka\n
437	Динамик двери задней левой\n	dinamik-dveri-zadney-levoy\n
438	Динамик двери задней правой\n	dinamik-dveri-zadney-pravoy\n
439	Динамик двери передней левой\n	dinamik-dveri-peredney-levoy\n
440	Динамик двери передней правой\n	dinamik-dveri-peredney-pravoy\n
441	Динамик торпедо левый\n	dinamik-torpedo-levyy\n
442	Динамик торпедо правый\n	dinamik-torpedo-pravyy\n
443	Диск литой\n	disk-litoy\n
444	Диск опорный тормозной\n	disk-opornyy-tormoznoy\n
445	Диск сцепления\n	disk-stsepleniya\n
446	Диск тормозной (комплект)\n	disk-tormoznoy-komplekt\n
447	Диск тормозной задний\n	disk-tormoznoy-zadniy\n
448	Диск тормозной передний\n	disk-tormoznoy-peredniy\n
449	Диск штампованный\n	disk-shtampovannyy\n
450	Дисплей\n	displey\n
451	Дисплей компьютера\n	displey-kompyutera\n
452	Дистроник\n	distronik\n
453	Дифференциал\n	differentsial\n
454	Диффузор вентилятора\n	diffuzor-ventilyatora\n
455	Диффузор заднего бампера\n	diffuzor-zadnego-bampera\n
456	Дневные ходовые огни (комплект)\n	dnevnye-khodovye-ogni-komplekt\n
457	Дневные ходовые огни левые\n	dnevnyye-khodovyye-ogni-levyye\n
458	Дневные ходовые огни правые\n	dnevnyye-khodovyye-ogni-pravyye\n
459	Доводчик двери\n	dovodchik-dveri\n
460	Доводчик крышки багажника\n	dovodchik-kryshki-bagazhnika\n
461	Дождевик\n	dozhdevik\n
462	Дозатор-распределитель топлива\n	dozator-raspredelitel-topliva\n
463	Домкрат\n	domkrat\n
464	Дуги на крышу (рейлинги)\n	dugi-na-kryshu-reylingi\n
465	Жалюзи\n	zhalyuzi\n
466	Заглушка\n	zaglushka\n
467	Заглушка (решетка) в бампер\n	zaglushka-reshetka-v-bamper\n
468	Заглушка (решетка) в бампер задний\n	zaglushka-reshetka-v-bamper-zadniy\n
469	Заглушка (решетка) в бампер передний\n	zaglushka-reshetka-v-bamper-peredniy\n
470	Заглушка для глушителя (сайленсер)\n	zaglushka-dlya-glushitelya-saylenser\n
471	Заглушка зеркала левого\n	zaglushka-zerkala-levogo\n
472	Заглушка зеркала правого\n	zaglushka-zerkala-pravogo\n
473	Заглушка порога\n	zaglushka-poroga\n
474	Задняя накладка центрального тоннеля\n	zadnyaya-nakladka-tsentralnogo-tonnelya\n
475	Задняя панель кузова\n	zadnyaya-panel-kuzova\n
476	Задняя часть кузова (тазик)\n	zadnyaya-chast-kuzova-tazik\n
477	Замок багажника\n	zamok-bagazhnika\n
478	Замок бардачка\n	zamok-bardachka\n
479	Замок двери\n	zamok-dveri\n
480	Замок двери задней левой\n	zamok-dveri-zadney-levoy\n
481	Замок двери задней правой\n	zamok-dveri-zadney-pravoy\n
482	Замок двери передней левой\n	zamok-dveri-peredney-levoy\n
483	Замок двери передней правой\n	zamok-dveri-peredney-pravoy\n
484	Замок двери сдвижной\n	zamok-dveri-sdvizhnoy\n
485	Замок зажигания\n	zamok-zazhiganiya\n
486	Замок инструментального ящика\n	zamok-instrumentalnogo-yashchika\n
487	Замок кабины\n	zamok-kabiny\n
488	Замок капота\n	zamok-kapota\n
489	Замок кофра\n	zamok-kofra\n
490	Замок крыши\n	zamok-kryshi\n
491	Замок лючка топливного бака\n	zamok-lyuchka-toplivnogo-baka\n
492	Замок ремня безопасности\n	zamok-remnya-bezopasnosti\n
493	Замок рулевой колонки\n	zamok-rulevoy-kolonki\n
494	Замок спинки сиденья\n	zamok-spinki-sidenya\n
495	Замок стекла двери багажника\n	zamok-stekla-dveri-bagazhnika\n
496	Зарядное устройство (кабель зарядный)\n	zaryadnoe-ustroystvo-kabel-zaryadnyy\n
497	Заслонка горного тормоза\n	zaslonka-gornogo-tormoza\n
498	Заслонка дроссельная\n	zaslonka-drosselnaya\n
499	Заслонка печки/климат-контроля\n	zaslonka-pechki-klimat-kontrolya\n
500	Защита (кожух, крышка) ремня генератора\n	zashchita-kozhukh-kryshka-remnya-generatora\n
501	Защита (кожух) ремня ГРМ\n	zashchita-kozhukh-remnya-grm\n
502	Защита (экран) выпускного коллектора\n	zashchita-ekran-vypusknogo-kollektora\n
503	Защита арок (подкрылок)\n	zashchita-arok-podkrylok\n
504	Защита арок задняя левая (подкрылок)\n	zashchita-arok-zadnyaya-levaya-podkrylok\n
505	Защита арок задняя правая (подкрылок)\n	zashchita-arok-zadnyaya-pravaya-podkrylok\n
506	Защита арок передняя левая (подкрылок)\n	zashchita-arok-perednyaya-levaya-podkrylok\n
507	Защита арок передняя правая (подкрылок)\n	zashchita-arok-perednyaya-pravaya-podkrylok\n
508	Защита бампера заднего\n	zashchita-zadnego-bampera\n
509	Защита бампера переднего\n	zashchita-perednego-bampera\n
510	Защита бамперов (комплект)\n	zashchita-bamperov-komplekt\n
511	Защита двигателя\n	zashchita-dvigatelya\n
512	Защита днища\n	zashchita-dnishcha\n
513	Защита КПП\n	zashchita-kpp\n
514	Защита крышки генератора\n	zashchita-kryshki-generatora\n
515	Защита при переворачивании\n	zashchita-pri-perevorachivanii\n
516	Защита радиатора\n	zashchita-radiatora\n
517	Защита раздаточной коробки\n	zashchita-razdatochnoy-korobki\n
518	Защита рук\n	zashchita-ruk\n
519	Защита рулевой рейки\n	zashchita-rulevoy-reyki\n
520	Защита топливного бака\n	zashchita-toplivnogo-baka\n
521	Защита топливного насоса\n	zashchita-toplivnogo-nasosa\n
522	Защита цепи\n	zashchita-tsepi\n
523	Защитная дуга\n	zashchitnaya-duga\n
524	Звезда ведомая (задняя)\n	zvezda-vedomaya-zadnyaya\n
525	Звезда ведущая (передняя)\n	zvezda-vedushchaya-perednyaya\n
526	Звездочка балансирного вала\n	zvezdochka-balansirnogo-vala\n
527	Звездочка вакуумного насоса\n	zvezdochka-vakuumnogo-nasosa\n
528	Звездочка коленвала\n	zvezdochka-kolenvala\n
529	Звездочка распредвала\n	zvezdochka-raspredvala\n
530	Звездочка ТНВД\n	zvezdochka-tnvd\n
531	Зеркало бордюрное\n	zerkalo-bordyurnoe\n
532	Зеркало наружное левое\n	zerkalo-naruzhnoe-levoe\n
533	Зеркало наружное правое\n	zerkalo-naruzhnoe-pravoe\n
534	Зеркало салона\n	zerkalo-salona\n
535	Знак аварийной остановки\n	znak-avariynoy-ostanovki\n
536	Изолятор моторного отсека левый\n	izolyator-motornogo-otseka-levyy\n
537	Изолятор моторного отсека правый\n	izolyator-motornogo-otseka-pravyy\n
538	Иммобилайзер\n	immobilayzer\n
539	Инвертор\n	invertor\n
540	Индикатор АКПП\n	indikator-akpp\n
541	Индикатор парковки\n	indikator-parkovki\n
542	Индикатор подушки безопасности\n	indikator-podushki-bezopasnosti\n
543	Интардер\n	intarder\n
544	Интеркулер\n	interkuler\n
545	Ионизатор воздуха\n	ionizator-vozdukha\n
546	Испаритель кондиционера\n	isparitel-konditsionera\n
547	Исполнительный узел DISA\n	ispolnitelnyy-uzel-disa\n
548	Кабина\n	kabina\n
549	Камера BLIS\n	kamera-blis\n
550	Камера KAFAS\n	kamera-kafas\n
551	Камера бокового вида\n	kamera-bokovogo-vida\n
552	Камера для шины\n	kamera-dlya-shiny\n
553	Камера заднего вида\n	kamera-zadnego-vida\n
554	Камера многофункциональная\n	kamera-mnogofunktsionalnaya\n
555	Камера ночного видения\n	kamera-nochnogo-videniya\n
556	Камера переднего вида\n	kamera-perednego-vida\n
557	Камера тормозная\n	kamera-tormoznaya\n
558	Камеры кругового обзора (комплект)\n	kamery-krugovogo-obzora-komplekt\n
559	Капот\n	kapot\n
560	Карбюратор\n	karbyurator\n
561	Карданный вал\n	kardannyy-val\n
562	Карданный вал передний\n	kardannyy-val-peredniy\n
563	Каретка двери сдвижной\n	karetka-dveri-sdvizhnoy\n
564	Каркас безопасности\n	karkas-bezopasnosti\n
565	Каркас сиденья\n	karkas-sidenya\n
566	Картер\n	karter\n
567	Картер маховика\n	karter-makhovika\n
568	Картридж турбины\n	kartridzh-turbiny\n
569	Кассета радиаторов\n	kasseta-radiatorov\n
570	Катализатор\n	katalizator\n
571	Катафот\n	katafot\n
572	Катушка зажигания\n	katushka-zazhiganiya\n
573	Квикшифтер\n	kvikshifter\n
574	Кенгурятник\n	kenguryatnik\n
575	Клапан EGR\n	klapan-egr\n
576	Клапан вентиляции картерных газов\n	klapan-ventilyatsii-karternykh-gazov\n
577	Клапан вентиляции топливного бака\n	klapan-ventilyatsii-toplivnogo-baka\n
578	Клапан воздушный\n	klapan-vozdushnyy\n
579	Клапан впускного коллектора\n	klapan-vpusknogo-kollektora\n
580	Клапан впускной\n	klapan-vpusknoy\n
581	Клапан выпускной\n	klapan-vypusknoy\n
582	Клапан горного тормоза\n	klapan-gornogo-tormoza\n
583	Клапан запорный\n	klapan-zapornyy\n
584	Клапан защитный 4-х контурный\n	klapan-zashchitnyy-4-kh-konturnyy\n
585	Клапан компрессора кондиционера\n	klapan-kompressora-konditsionera\n
586	Клапан ограничения давления\n	klapan-ogranicheniya-davleniya\n
587	Клапан остаточного давления пневмоподвески\n	klapan-ostatochnogo-davleniya-pnevmopodveski\n
588	Клапан отсечки топлива\n	klapan-otsechki-topliva\n
589	Клапан охлаждения поршней\n	klapan-okhlazhdeniya-porshney\n
590	Клапан перепускной\n	klapan-perepusknoy\n
591	Клапан продувки катализатора\n	klapan-produvki-katalizatora\n
592	Клапан регулировки фаз газораспределения\n	klapan-regulirovki-faz-gazoraspredeleniya\n
593	Клапан редукционный\n	klapan-reduktsionnyy\n
594	Клапан ТНВД\n	klapan-tnvd\n
595	Клапан ТРВ (расширительный) кондиционера\n	klapan-trv-rasshiritelnyy-konditsionera\n
596	Клапан управления турбиной (актуатор)\n	klapan-upravleniya-turbinoy-actuator\n
597	Клапан ускорительный\n	klapan-uskoritelnyy\n
598	Клапан фазорегулятора\n	klapan-fazoregulyatora\n
599	Клапан форсунки\n	klapan-forsunki\n
600	Клапан холостого хода\n	klapan-kholostogo-khoda\n
601	Клапан электромагнитный\n	klapan-elektromagnitnyy\n
602	Клапанная крышка\n	klapannaya-kryshka\n
603	Клемма аккумулятора минус\n	klemma-akkumulyatora-minus\n
604	Клемма аккумулятора плюс\n	klemma-akkumulyatora-plyus\n
605	Клеммник\n	klemmnik\n
606	Клипса\n	klipsa\n
607	Клык бампера задний левый\n	klyk-bampera-zadniy-levyy\n
608	Клык бампера задний правый\n	klyk-bampera-zadniy-pravyy\n
609	Клык бампера передний левый\n	klyk-bampera-peredniy-levyy\n
610	Клык бампера передний правый\n	klyk-bampera-peredniy-pravyy\n
611	Ключ\n	klyuch\n
612	Ключ колесный (балонный)\n	klyuch-kolesnyy-balonnyy\n
613	Ключ-карта\n	klyuch-karta\n
614	Кнопка (выключатель)\n	knopka-vyklyuchatel\n
615	Кнопка аварийной сигнализации\n	knopka-avariynoy-signalizatsii\n
616	Кнопка антипробуксовочной системы (ABS/ESP)\n	knopka-antiprobuksovochnoy-sistemy\n
617	Кнопка запуска двигателя\n	knopka-zapuska-dvigatelya\n
618	Кнопка кондиционера\n	knopka-konditsionera\n
619	Кнопка корректора фар\n	knopka-korrektora-far\n
620	Кнопка обогрева заднего стекла\n	knopka-obogreva-zadnego-stekla\n
621	Кнопка обогрева зеркал\n	knopka-obogreva-zerkal\n
622	Кнопка обогрева лобового стекла\n	knopka-obogreva-lobovogo-stekla\n
623	Кнопка обогрева руля\n	knopka-obogreva-rulya\n
624	Кнопка обогрева сидений\n	knopka-obogreva-sideniy\n
625	Кнопка омывателя фар\n	knopka-omyvatelya-far\n
626	Кнопка освещения панели приборов\n	knopka-osveshcheniya-paneli-priborov\n
627	Кнопка открывания крюка фаркопа\n	knopka-otkryvaniya-kryuka-farkopa\n
628	Кнопка открывания люка\n	knopka-otkryvaniya-lyuka\n
629	Кнопка открытия багажника\n	knopka-otkrytiya-bagazhnika\n
630	Кнопка открытия дверей (бесключевой доступ)\n	knopka-otkrytiya-dverey-besklyuchevoy-dostup\n
631	Кнопка открытия капота\n	knopka-otkrytiya-kapota\n
632	Кнопка открытия лючка зарядки\n	knopka-otkrytiya-lyuchka-zaryadki\n
633	Кнопка открытия лючка топливного бака\n	knopka-otkrytiya-lyuchka-toplivnogo-baka\n
634	Кнопка открытия стекла багажника\n	knopka-otkrytiya-stekla-bagazhnika\n
635	Кнопка парктроника\n	knopka-parktronika\n
636	Кнопка переключения режимов подвески\n	knopka-pereklyucheniya-rezhimov-podveski\n
637	Кнопка поднятия крыши\n	knopka-podnyatiya-kryshi\n
638	Кнопка поднятия ленивого моста\n	knopka-podnyatiya-lenivogo-mosta\n
639	Кнопка подъема кабины\n	knopka-podema-kabiny\n
640	Кнопка противотуманных фар\n	knopka-protivotumannykh-far\n
641	Кнопка регулировки педали\n	knopka-regulirovki-pedali\n
642	Кнопка регулировки сидения\n	knopka-regulirovki-sideniya\n
643	Кнопка регулировки фар\n	knopka-regulirovki-far\n
644	Кнопка ручного тормоза (ручника)\n	knopka-ruchnogo-tormoza-ruchnika\n
645	Кнопка сигнализации\n	knopka-signalizatsii\n
646	Кнопка стеклоподъемника\n	knopka-steklopodemnika\n
647	Кнопка стеклоподъемника заднего левого\n	knopka-steklopodemnika-zadnego-levogo\n
648	Кнопка стеклоподъемника заднего правого\n	knopka-steklopodemnika-zadnego-pravogo\n
649	Кнопка стеклоподъемника переднего левого\n	knopka-steklopodemnika-perednego-levogo\n
650	Кнопка стеклоподъемника переднего правого\n	knopka-steklopodemnika-perednego-pravogo\n
651	Кнопка управления бортовым компьютером\n	knopka-upravleniya-bortovym-kompyuterom\n
652	Кнопка управления телефоном\n	knopka-upravleniya-telefonom\n
653	Кнопка центрального замка\n	knopka-tsentralnogo-zamka\n
654	Кнопки руля\n	knopki-rulya\n
655	Ковер багажника\n	kover-bagazhnika\n
656	Ковер салонный\n	kover-salonnyy\n
657	Коврики в салон\n	kovriki-v-salon\n
658	Кожух (защита) рулевого механизма\n	kozhukh-zashchita-rulevogo-mekhanizma\n
659	Кожух аккумулятора\n	kozhukh-akkumulyatora\n
660	Кожух защитный проводки\n	kozhukh-zashchitnyy-provodki\n
661	Кожух защитный тормозного диска\n	kozhukh-zashchitnyy-tormoznogo-diska\n
662	Кожух интеркулера\n	kozhukh-interkulera\n
663	Кожух компрессора пневмоподвески\n	kozhukh-kompressora-pnevmopodveski\n
664	Кожух панели приборов\n	kozhukh-paneli-priborov\n
665	Кожух рулевой колонки\n	kozhukh-rulevoy-kolonki\n
666	Кожух турбины\n	kozhukh-turbiny\n
667	Козырек солнцезащитный\n	kozyrek-solntsezashchitnyy\n
668	Колба в бак\n	kolba-v-bak\n
670	Колесо запасное (таблетка)\n	koleso-zapasnoe-tabletka\n
671	Коллектор впускной\n	kollektor-vpusknoy\n
672	Коллектор выпускной\n	kollektor-vypusknoy\n
673	Колодки стояночного тормоза\n	kolodki-stoyanochnogo-tormoza\n
674	Колпак колесный\n	kolpak-kolesnyy\n
675	Колпачки маслосъемные\n	kolpachki-maslosemnye\n
676	Колпачок (заглушка) ручки двери\n	kolpachok-zaglushka-ruchki-dveri\n
677	Колпачок литого диска\n	kolpachok-litogo-diska\n
678	Колпачок ступицы\n	kolpachok-stupitsy\n
679	Кольцо ABS\n	koltso-abs\n
680	Кольцо зажимное топливозаборника\n	koltso-zazhimnoe-toplivozabornika\n
681	Кольцо уплотнительное\n	koltso-uplotnitelnoe\n
682	Кольцо уплотнительное датчика парктроника\n	koltso-uplotnitelnoe-datchika-parktronika\n
683	Кольцо уплотнительное фары\n	koltso-uplotnitelnoe-fary\n
684	Коммутатор зажигания\n	kommutator-zazhiganiya\n
685	Комплект KAFAS\n	komplekt-kafas\n
686	Комплект ГРМ\n	komplekt-grm\n
687	Комплект задних стекол\n	komplekt-zadnikh-stekol\n
688	Комплект проекции на лобовое стекло\n	komplekt-proektsii-na-lobovoe-steklo\n
689	Комплект системы Комфортный доступ\n	komplekt-sistemy-komfortnyy-dostup\n
690	Комплект сцепления\n	komplekt-stsepleniya\n
691	Комплект тормозов (диски и суппорта)\n	komplekt-tormozov-diski-i-supporta\n
692	Компрессор для шин штатный\n	kompressor-dlya-shin-shtatnyy\n
693	Компрессор кондиционера\n	kompressor-konditsionera\n
694	Компрессор пневмоподвески\n	kompressor-pnevmopodveski\n
695	Компрессор подкачки сидений\n	kompressor-podkachki-sideniy\n
696	Компрессор центрального замка\n	kompressor-tsentralnogo-zamka\n
697	Компьютер бортовой\n	kompyuter-bortovoy\n
698	Конденсатор\n	kondensator\n
699	Консоль салона (кулисная часть)\n	konsol-salona-kulisnaya-chast\n
700	Контактная группа\n	kontaktnaya-gruppa\n
701	Контактор высоковольтной батареи\n	kontaktor-vysokovoltnoy-batarei\n
702	Корзина сцепления\n	korzina-stsepleniya\n
703	Короб предохранителей\n	korob-predokhraniteley\n
704	Коробка отбора мощности\n	korobka-otbora-moshchnosti\n
705	Коромысло клапана (рокер)\n	koromyslo-klapana-roker\n
706	Корпус блока управления двигателем\n	korpus-bloka-upravleniya-dvigatelem\n
707	Корпус воздушного фильтра\n	korpus-vozdushnogo-filtra\n
708	Корпус высоковольтной батареи\n	korpus-vysokovoltnoy-batarei\n
709	Корпус зеркала наружного левого\n	korpus-zerkala-naruzhnogo-levogo\n
710	Корпус зеркала наружного правого\n	korpus-zerkala-naruzhnogo-pravogo\n
711	Корпус КПП (колокол)\n	korpus-kpp-kolokol\n
712	Корпус масляного фильтра\n	korpus-maslyanogo-filtra\n
713	Корпус отопителя (печки)\n	korpus-otopitelya-pechki\n
714	Корпус помпы\n	korpus-pompy\n
715	Корпус салонного фильтра\n	korpus-salonnogo-filtra\n
716	Корпус сальника\n	korpus-salnika\n
717	Корпус сцепления\n	korpus-stsepleniya\n
718	Корпус сцепления АКПП\n	korpus-stsepleniya-akpp\n
719	Корпус теплообменника\n	korpus-teploobmennika\n
720	Корпус термостата\n	korpus-termostata\n
721	Корпус ТНВД\n	korpus-tnvd\n
722	Корпус топливного фильтра\n	korpus-toplivnogo-filtra\n
723	Корпус турбины\n	korpus-turbiny\n
724	Корпус фары левой\n	korpus-fary-levoy\n
725	Корпус фары правой\n	korpus-fary-pravoy\n
726	Корпус фильтра охлаждающей жидкости\n	korpus-filtra-okhlazhdayushchey-zhidkosti\n
727	Корректор гидравлической подвески\n	korrektor-gidravlicheskoy-podveski\n
728	Корректор фар\n	korrektor-far\n
729	Корыто пластиковое\n	koryto-plastikovoe\n
730	КПП автоматическая (АКПП)\n	kpp-avtomaticheskaya-akpp\n
731	КПП механическая (МКПП)\n	kpp-mekhanicheskaya-mkpp\n
732	КПП механическая (МКПП) 4-ступенчатая\n	kpp-mekhanicheskaya-mkpp-4-stupenchataya\n
733	КПП механическая (МКПП) 5-ступенчатая\n	kpp-mekhanicheskaya-mkpp-5-stupenchataya\n
734	КПП механическая (МКПП) 6-ступенчатая\n	kpp-mekhanicheskaya-mkpp-6-stupenchataya\n
735	КПП роботизированная\n	kpp-robotizirovannaya\n
736	Кран ABS\n	kran-abs\n
737	Кран аварийного растормаживания\n	kran-avariynogo-rastormazhivaniya\n
738	Кран главный тормозной\n	kran-glavnyy-tormoznoy\n
739	Кран масловлагоотделителя (разгрузка)\n	kran-maslovlagootdelitelya-razgruzka\n
740	Кран модулятор EBS\n	kran-modulyator-ebs\n
741	Кран отопителя (печки)\n	kran-otopitelya-pechki\n
742	Кран пневматический\n	kran-pnevmaticheskiy\n
743	Кран понижения давления\n	kran-ponizheniya-davleniya\n
744	Кран распределительный\n	kran-raspredelitelnyy\n
745	Кран ручного тормоза\n	kran-ruchnogo-tormoza\n
746	Кран тормозной прицепа\n	kran-tormoznoy-pritsepa\n
747	Кран уровня подвески\n	kran-urovnya-podveski\n
748	Кран уровня подвески кабины\n	kran-urovnya-podveski-kabiny\n
749	Кран ускорительный\n	kran-uskoritelnyy\n
750	Кренометр\n	krenometr\n
751	Крепление (крючок) солнцезащитного козырька\n	kreplenie-kryuchok-solntsezashchitnogo-kozyrka\n
752	Крепление автономного отопителя\n	kreplenie-avtonomnogo-otopitelya\n
753	Крепление блока ABS\n	kreplenie-bloka-abs\n
754	Крепление блока предохранителей\n	kreplenie-bloka-predokhraniteley\n
755	Крепление втулки стабилизатора\n	kreplenie-vtulki-stabilizatora\n
756	Крепление запаски\n	kreplenie-zapaski\n
757	Крепление зеркала наружного левого\n	kreplenie-zerkala-naruzhnogo-levogo\n
758	Крепление зеркала наружного правого\n	kreplenie-zerkala-naruzhnogo-pravogo\n
759	Крепление интеркулера\n	kreplenie-interkulera\n
760	Крепление кассеты радиаторов\n	kreplenie-kassety-radiatorov\n
761	Крепление ковриков салона\n	kreplenie-kovrikov-salona\n
762	Крепление лючка топливного бака\n	kreplenie-lyuchka-toplivnogo-baka\n
763	Крепление сиденья\n	kreplenie-sidenya\n
764	Крепление ТНВД\n	kreplenie-tnvd\n
765	Крепление топливного бака\n	kreplenie-toplivnogo-baka\n
766	Крепление фары левой\n	kreplenie-fary-levoy\n
767	Крепление фары правой\n	kreplenie-fary-pravoy\n
768	Крепление шторки двери\n	kreplenie-shtorki-dveri\n
769	Крестовина карданного вала\n	krestovina-kardannogo-vala\n
770	Кронштейн\n	kronshteyn\n
771	Кронштейн бака AdBlue\n	kronshteyn-baka-adblue\n
772	Кронштейн блока клапанов гидроподвески\n	kronshteyn-bloka-klapanov-gidropodveski\n
773	Кронштейн блока управления двигателем\n	kronshteyn-bloka-upravleniya-dvigatelem\n
774	Кронштейн вискомуфты\n	kronshteyn-viskomufty\n
775	Кронштейн воздушного фильтра\n	kronshteyn-vozdushnogo-filtra\n
776	Кронштейн впускного коллектора\n	kronshteyn-vpusknogo-kollektora\n
777	Кронштейн выпускного коллектора\n	kronshteyn-vypusknogo-kollektora\n
778	Кронштейн генератора\n	kronshteyn-generatora\n
779	Кронштейн гидроусилителя\n	kronshteyn-gidrousilitelya\n
780	Кронштейн глушителя\n	kronshteyn-glushitelya\n
781	Кронштейн датчика положения кузова\n	kronshteyn-datchika-polozheniya-kuzova\n
782	Кронштейн двигателя\n	kronshteyn-dvigatelya\n
783	Кронштейн зеркала кабины\n	kronshteyn-zerkala-kabiny\n
784	Кронштейн компрессора кондиционера\n	kronshteyn-kompressora-konditsionera\n
785	Кронштейн компрессора пневмоподвески\n	kronshteyn-kompressora-pnevmopodveski\n
786	Кронштейн КПП\n	kronshteyn-kpp\n
787	Кронштейн крепления амортизатора\n	kronshteyn-krepleniya-amortizatora\n
788	Кронштейн крепления балки подвески\n	kronshteyn-krepleniya-balki-podveski\n
789	Кронштейн крепления бампера\n	kreplenie-bampera\n
790	Кронштейн крепления бампера заднего\n	kronshteyn-zadnego-bampera\n
791	Кронштейн крепления бампера переднего\n	kronshteyn-perednego-bampera\n
792	Кронштейн крепления вилки\n	kronshteyn-krepleniya-vilki\n
793	Кронштейн крепления дверной карты\n	kronshteyn-krepleniya-dvernoy-karty\n
794	Кронштейн крепления заднего моста\n	kronshteyn-krepleniya-zadnego-mosta\n
795	Кронштейн крепления кабины\n	kronshteyn-krepleniya-kabiny\n
796	Кронштейн крепления катализатора\n	kronshteyn-krepleniya-katalizatora\n
797	Кронштейн крепления кофра\n	kronshteyn-krepleniya-kofra\n
798	Кронштейн крепления крыла\n	kronshteyn-kryla\n
799	Кронштейн крепления крыла переднего левого\n	kreplenie-kryla-perednego-levogo\n
800	Кронштейн крепления крыла переднего правого\n	kreplenie-kryla-perednego-pravogo\n
801	Кронштейн крепления пневмоподушки\n	kronshteyn-krepleniya-pnevmopodushki\n
802	Кронштейн крепления помпы\n	kronshteyn-krepleniya-pompy\n
803	Кронштейн крепления порога\n	kronshteyn-krepleniya-poroga\n
804	Кронштейн крепления рычага задней подвески\n	kronshteyn-krepleniya-rychaga-zadney-podveski\n
805	Кронштейн крепления рычага передней подвески\n	kronshteyn-krepleniya-rychaga-peredney-podveski\n
806	Кронштейн крепления седельно-сцепного устройства\n	kronshteyn-krepleniya-sedelno-stsepnogo-ustroystva\n
807	Кронштейн крепления торсиона\n	kronshteyn-krepleniya-torsiona\n
808	Кронштейн крепления торсиона кабины\n	kronshteyn-krepleniya-torsiona-kabiny\n
809	Кронштейн крепления троса КПП\n	kronshteyn-krepleniya-trosa-kpp\n
810	Кронштейн крепления турбины\n	kronshteyn-krepleniya-turbiny\n
811	Кронштейн крепления фары противотуманной левой\n	kronshteyn-krepleniya-fary-protivotumannoy-levoy\n
812	Кронштейн крепления фары противотуманной правой\n	kronshteyn-krepleniya-fary-protivotumannoy-pravoy\n
813	Кронштейн масляного фильтра\n	kronshteyn-maslyanogo-filtra\n
814	Кронштейн мото багажника\n	kronshteyn-moto-bagazhnika\n
815	Кронштейн подножки\n	kronshteyn-podnozhki\n
816	Кронштейн подрамника\n	kronshteyn-podramnika\n
817	Кронштейн подрулевых переключателей\n	kronshteyn-podrulevykh-pereklyuchateley\n
818	Кронштейн полки багажника\n	kronshteyn-polki-bagazhnika\n
819	Кронштейн полуоси\n	kronshteyn-poluosi\n
820	Кронштейн полурессоры\n	kronshteyn-poluressory\n
821	Кронштейн порога\n	kronshteyn-poroga\n
822	Кронштейн радиатора\n	kronshteyn-radiatora\n
823	Кронштейн рамы\n	kronshteyn-ramy\n
824	Кронштейн редуктора\n	kronshteyn-reduktora\n
825	Кронштейн рейлинга\n	kronshteyn-reylinga\n
826	Кронштейн рессоры\n	kronshteyn-ressory\n
827	Кронштейн решетки радиатора\n	kronshteyn-reshetki-radiatora\n
828	Кронштейн ручки двери\n	kronshteyn-ruchki-dveri\n
829	Кронштейн салона\n	kronshteyn-salona\n
830	Кронштейн стабилизатора\n	kronshteyn-stabilizatora\n
831	Кронштейн топливного фильтра\n	kronshteyn-toplivnogo-filtra\n
832	Кронштейн усилителя бампера заднего (домик)\n	kronshteyn-usilitelya-bampera-zadnego-domik\n
833	Кронштейн усилителя бампера переднего (домик)\n	kronshteyn-usilitelya-bampera-perednego-domik\n
834	Кронштейн форсунки омывателя фары\n	kronshteyn-forsunki-omyvatelya-fary\n
835	Крыло заднее левое\n	krylo-zadnee-levoe\n
836	Крыло заднее правое\n	krylo-zadnee-pravoe\n
837	Крыло переднее левое\n	krylo-perednee-levoe\n
838	Крыло переднее правое\n	krylo-perednee-pravoe\n
839	Крыльчатка вентилятора (лопасти)\n	krylchatka-ventilyatora-lopasti\n
840	Крыльчатка вискомуфты\n	krylchatka-viskomufty\n
841	Крыша\n	krysha\n
842	Крышка (заглушка) задняя фары левой\n	kryshka-zaglushka-zadnyaya-fary-levoy\n
843	Крышка (заглушка) задняя фары правой\n	kryshka-zaglushka-zadnyaya-fary-pravoy\n
844	Крышка (заглушка) рейлинга\n	kryshka-zaglushka-reylinga\n
845	Крышка (пробка) бака AdBlue\n	kryshka-probka-baka-adblue\n
846	Крышка (пробка) радиатора\n	kryshka-probka-radiatora\n
847	Крышка аккумулятора\n	kryshka-akkumulyatora\n
848	Крышка багажника (дверь 3-5)\n	kryshka-bagazhnika-dver-3-5\n
849	Крышка бачка гидроусилителя\n	kryshka-bachka-gidrousilitelya\n
850	Крышка бачка омывателя\n	kryshka-bachka-omyvatelya\n
851	Крышка бачка тормозной жидкости\n	kryshka-bachka-tormoznoy-zhidkosti\n
852	Крышка блока предохранителей\n	kryshka-bloka-predokhraniteley\n
853	Крышка ведущей звезды\n	kryshka-vedushchey-zvezdy\n
854	Крышка воздуховода двигателя\n	kryshka-vozdukhovoda-dvigatelya\n
855	Крышка высоковольтной батареи\n	kryshka-vysokovoltnoy-batarei\n
856	Крышка двигателя задняя\n	kryshka-dvigatelya-zadnyaya\n
857	Крышка двигателя передняя\n	kryshka-dvigatelya-perednyaya\n
858	Крышка зеркала салонного\n	kryshka-zerkala-salonnogo\n
859	Крышка инструментального ящика\n	kryshka-instrumentalnogo-yashchika\n
860	Крышка коленвала\n	kryshka-kolenvala\n
861	Крышка корпуса салонного фильтра\n	kryshka-korpusa-salonnogo-filtra\n
862	Крышка КПП\n	kryshka-kpp\n
863	Крышка кузова\n	kryshka-kuzova\n
864	Крышка масляного стакана\n	kryshka-maslyanogo-stakana\n
865	Крышка омывателя фар\n	kryshka-omyvatelya-far\n
866	Крышка поводка стеклоочистителя\n	kryshka-povodka-stekloochistitelya\n
867	Крышка подушки безопасности водителя\n	kryshka-podushki-bezopasnosti-voditelya-v-rul\n
868	Крышка подушки безопасности пассажира\n	kryshka-podushki-bezopasnosti-passazhira\n
869	Крышка распредвала\n	kryshka-raspredvala\n
870	Крышка распределителя зажигания\n	kryshka-raspredelitelya-zazhiganiya\n
871	Крышка редуктора заднего моста\n	kryshka-reduktora-zadnego-mosta\n
872	Крышка редуктора переднего моста\n	kryshka-reduktora-perednego-mosta\n
873	Крышка сцепления\n	kryshka-stsepleniya\n
874	Крышка теплообменника\n	kryshka-teploobmennika\n
875	Крышка топливного бака\n	kryshka-toplivnogo-baka\n
876	Крюк буксировочный\n	kryuk-buksirovochnyy\n
877	Крюк капота\n	kryuk-kapota\n
878	Крюк фаркопа съемный\n	kryuk-farkopa-semnyy\n
879	Крючок для одежды\n	kryuchok-dlya-odezhdy\n
880	Кулак задний левый\n	kulak-zadniy-levyy\n
881	Кулак задний правый\n	kulak-zadniy-pravyy\n
882	Кулак поворотный левый\n	kulak-povorotnyy-levyy\n
883	Кулак поворотный правый\n	kulak-povorotnyy-pravyy\n
884	Кулачковая шайба ТНВД\n	kulachkovaya-shayba-tnvd\n
885	Кулиса\n	kulisa\n
886	Кунг (будка)\n	kung\n
887	Лампа контрольная щитка приборов (приборной панели)\n	lampa-kontrolnaya-shchitka-paneli-priborov\n
888	Лампочка\n	lampochka\n
889	Лапа полуприцепа\n	lapa-polupritsepa\n
890	Лапка сцепления\n	lapka-stsepleniya\n
891	Лебедка\n	lebedka\n
892	Лента передней панели\n	lenta-peredney-paneli\n
893	Лента тормозная АКПП\n	lenta-tormoznaya-akpp\n
894	Лепестки подрулевые переключения передач\n	lepestki-podrulevye-pereklyucheniya-peredach\n
895	Лестница на крышку багажника\n	lestnitsa-na-kryshku-bagazhnika\n
896	Лестница спальника\n	lestnitsa-spalnika\n
897	Линза фары\n	linza-fary\n
898	Личинка дверного замка\n	lichinka-dvernogo-zamka\n
899	Личинка замка багажника\n	lichinka-zamka-bagazhnika\n
900	Личинка замка зажигания\n	lichinka-zamka-zazhiganiya\n
901	Лонжерон левый\n	lonzheron-levyy\n
902	Лонжерон правый\n	lonzheron-pravyy\n
903	Люк\n	lyuk\n
904	Лючок порта зарядки\n	lyuchok-porta-zaryadki\n
905	Лючок топливного бака\n	lyuchok-toplivnogo-baka\n
906	Лямбда-зонд\n	lyambda-zond\n
907	Магнитола\n	magnitola\n
908	Манифольд (впускной патрубок)\n	manifold-vpusknoy-patrubok\n
909	Маслозаборник\n	maslozabornik\n
910	Маслозаливная горловина\n	maslozalivnaya-gorlovina\n
911	Маслоотделитель (сапун)\n	maslootdelitel-sapun\n
912	Маслоохладитель вариатора\n	maslookhladitel-variatora\n
913	Маслоприемник\n	maslopriemnik\n
914	Масляная магистраль\n	maslyanaya-magistral\n
915	Масляная трубка распредвала\n	maslyanaya-trubka-raspredvala\n
916	Масляная трубка турбины\n	maslyanaya-trubka-turbiny\n
917	Масляная форсунка\n	maslyanaya-forsunka\n
918	Матрас спальника\n	matras-spalnika\n
919	Маховик\n	makhovik\n
920	Маховик АКПП (драйв плата)\n	makhovik-akpp-drayv-plata\n
921	Маятник задней балки\n	mayatnik-zadney-balki\n
922	Межсетевой преобразователь KGM\n	mezhsetevoy-preobrazovatel-kgm\n
923	Мембрана клапанной крышки\n	membrana-klapannoy-kryshki\n
924	Механизм (прочие)\n	mekhanizm-prochie\n
925	Механизм заднего стеклоочистителя\n	mekhanizm-zadnego-stekloochistitelya\n
926	Механизм изменения длины впускного коллектора\n	mekhanizm-izmeneniya-dliny-vpusknogo-kollektora\n
927	Механизм натяжения ремня, цепи\n	mekhanizm-natyazheniya-remnya-tsepi\n
928	Механизм переключения передач\n	mekhanizm-pereklyucheniya-peredach\n
929	Механизм подачи ремня безопасности\n	mekhanizm-podachi-remnya-bezopasnosti\n
930	Механизм подъема запаски\n	mekhanizm-podema-zapaski\n
931	Механизм подъема крышки (двери) багажника\n	mekhanizm-podema-kryshki-dveri-bagazhnika\n
932	Механизм развода задних тормозных колодок левый\n	mekhanizm-razvoda-zadnikh-tormoznykh-kolodok-levyy\n
933	Механизм развода задних тормозных колодок правый\n	mekhanizm-razvoda-zadnikh-tormoznykh-kolodok-pravyy\n
934	Механизм регулировки высоты ремня безопасности\n	mekhanizm-regulirovki-vysoty-remnya-bezopasnosti\n
935	Механизм ручника (стояночного тормоза)\n	mekhanizm-ruchnika-stoyanochnogo-tormoza\n
936	Механизм сдвижной двери\n	mekhanizm-sdvizhnoy-dveri\n
937	Механизм складывания крыши\n	mekhanizm-skladyvaniya-kryshi\n
938	Механизм стеклоочистителя (трапеция дворников)\n	mekhanizm-stekloochistitelya-trapetsiya-dvornikov\n
939	Механизм электрорегулировки зеркала наружного левого\n	mekhanizm-elektroregulirovki-zerkala-naruzhnogo-levogo\n
940	Механизм электрорегулировки зеркала наружного правого\n	mekhanizm-elektroregulirovki-zerkala-naruzhnogo-pravogo\n
941	Мехатроник\n	mekhatronik\n
942	Микрофон\n	mikrofon\n
943	Минусовой провод аккумулятора\n	minusovoy-provod-akkumulyatora\n
944	Модем\n	modem\n
945	Модуль громкой связи\n	modul-gromkoy-svyazi\n
946	Модуль зарядки аккумулятора (АКБ)\n	modul-zaryadki-akkumulyatora-akb\n
947	Модуль светодиодной подсветки\n	modul-svetodiodnoy-podsvetki\n
948	Модулятор ABS\n	modulyator-abs\n
949	Молдинг (накладка кузовная)\n	molding-nakladka-kuzovnaya\n
950	Молдинг бампера заднего\n	molding-zadnego-bampera\n
951	Молдинг бампера переднего\n	molding-perednego-bampera\n
952	Молдинг дверей (комплект)\n	molding-dverey-komplekt\n
953	Молдинг двери задней левой\n	molding-dveri-zadney-levoy\n
954	Молдинг двери задней правой\n	molding-dveri-zadney-pravoy\n
955	Молдинг двери передней левой\n	molding-dveri-peredney-levoy\n
956	Молдинг двери передней правой\n	molding-dveri-peredney-pravoy\n
957	Молдинг кабины\n	molding-kabiny\n
958	Молдинг капота\n	molding-kapota\n
959	Молдинг крыла\n	molding-kryla\n
960	Молдинг крыла заднего левого\n	molding-kryla-zadnego-levogo\n
961	Молдинг крыла заднего правого\n	molding-kryla-zadnego-pravogo\n
962	Молдинг крыла переднего левого\n	molding-kryla-perednego-levogo\n
963	Молдинг крыла переднего правого\n	molding-kryla-perednego-pravogo\n
964	Молдинг крыши\n	molding-kryshi\n
965	Молдинг крышки багажника\n	molding-kryshki-bagazhnika\n
966	Молдинг решетки радиатора\n	molding-reshetki-radiatora\n
967	Молдинг стекла двери задней левой внутренний\n	molding-stekla-dveri-zadney-levoy-vnutrenniy\n
968	Молдинг стекла двери задней левой наружный\n	molding-stekla-dveri-zadney-levoy-naruzhnyy\n
969	Молдинг стекла двери задней правой внутренний\n	molding-stekla-dveri-zadney-pravoy-vnutrenniy\n
970	Молдинг стекла двери задней правой наружный\n	molding-stekla-dveri-zadney-pravoy-naruzhnyy\n
971	Молдинг стекла двери наружный\n	molding-stekla-dveri-naruzhnyy\n
972	Молдинг стекла двери передней левой внутренний\n	molding-stekla-dveri-peredney-levoy-vnutrenniy\n
973	Молдинг стекла двери передней левой наружный\n	molding-stekla-dveri-peredney-levoy-naruzhnyy\n
974	Молдинг стекла двери передней правой внутренний\n	molding-stekla-dveri-peredney-pravoy-vnutrenniy\n
975	Молдинг стекла двери передней правой наружный\n	molding-stekla-dveri-peredney-pravoy-naruzhnyy\n
976	Молдинг стекла заднего\n	molding-zadnego-stekla\n
977	Молдинг стекла лобового\n	molding-lobovogo-stekla\n
978	Монитор\n	monitor\n
979	Моновпрыск\n	monovprysk\n
980	Морда-рама\n	morda-rama\n
981	Мост задний\n	most-zadniy\n
982	Мост передний\n	most-peredniy\n
983	Мото багажник\n	motobagazhnik\n
984	Мото брызговик задний\n	bryzgovik-zadniy-dlya-mototsikla\n
985	Мото ветровое стекло\n	vetrovoe-steklo\n
986	Мото вилка передняя\n	vilka-perednyaya\n
987	Мото грузики руля\n	moto-gruziki-rulya\n
988	Мото камера\n	motokamera\n
989	Мото кардан\n	moto-kardan\n
990	Мото клипон левый\n	klipon-levyy\n
991	Мото клипон правый\n	klipon-pravyy\n
992	Мото колесо заднее\n	motokoleso-zadnee\n
993	Мото колесо переднее\n	motokoleso-perednee\n
994	Мото кофр задний левый\n	kofr-zadniy-levyy\n
995	Мото кофр задний правый\n	kofr-zadniy-pravyy\n
996	Мото кофр задний центральный\n	kofr-zadniy-tsentralnyy\n
997	Мото кран топливный\n	kran-toplivnyy\n
998	Мото кронштейн крепления руля\n	moto-kronshteyn-krepleniya-rulya\n
999	Мото крыло заднее\n	motokrylo-zadnee\n
1000	Мото крыло переднее\n	motokrylo-perednee\n
1001	Мото машинка сцепления\n	mashinka-stsepleniya\n
1002	Мото машинка тормоза заднего\n	mashinka-tormoza-zadnego\n
1003	Мото машинка тормоза переднего\n	mashinka-tormoza-perednego\n
1004	Мото паук (крепление пластика и фары)\n	pauk-kreplenie-plastika-i-fary\n
1005	Мото переключатель (пульт) руля левый\n	pereklyuchatel-pult-rulya-levyy-dlya-mototsikla\n
1006	Мото переключатель (пульт) руля правый\n	moto-pereklyuchatel-pult-rulya-pravyy\n
1007	Мото пластик\n	motoplastik\n
1008	Мото подножка боковая\n	podnozhka-bokovaya\n
1009	Мото подножка центральная\n	podnozhka-tsentralnaya\n
1010	Мото подставка\n	motopodstavka\n
1011	Мото пружина подножки боковой\n	pruzhina-podnozhki-bokovoy\n
1012	Мото пружина подножки центральной\n	pruzhina-podnozhki-tsentralnoy\n
1013	Мото рама\n	motorama\n
1014	Мото редуктор\n	motoreduktor\n
1015	Мото ремень приводной\n	moto-remen-privodnoy\n
1016	Мото ротор генератора\n	moto-rotor-generatora\n
1017	Мото ручки руля (грипсы)\n	ruchki-rulya-dlya-mototsikla-gripsy\n
1018	Мото рычаг заднего тормоза\n	moto-rychag-zadnego-tormoza\n
1019	Мото рычаг переднего тормоза\n	rychag-perednego-tormoza\n
1020	Мото рычаг сцепления\n	rychag-stsepleniya-mototsikla\n
1021	Мото сиденье\n	motosidenie\n
1022	Мото слайдер\n	moto-slayder\n
1023	Мото спинка пассажирского сиденья\n	spinka-passazhirskogo-sidenya\n
1024	Мото статор генератора\n	moto-stator-generatora\n
1025	Мото стойка заднего крыла\n	stoyka-zadnego-kryla\n
1026	Мото суппорт\n	motosupport\n
1027	Мото тормозной цилиндр\n	moto-tormoznoy-tsilindr\n
1028	Мото указатель поворота\n	motoukazatel-povorota\n
1029	Мото фара\n	motofara\n
1030	Мото фонарь\n	motofonar\n
1031	Мото цепь\n	moto-tsep\n
1032	Моторчик (насос) охлаждения инвертора\n	motorchik-nasos-okhlazhdeniya-invertora\n
1033	Моторчик (насос) подъема крышки багажника (3-5 двери)\n	motorchik-podema-kryshki-bagazhnika-3-5-dveri\n
1034	Моторчик ASC\n	motorchik-asc\n
1035	Моторчик Easytronic\n	motorchik-easytronic\n
1036	Моторчик VVT (эксцентрикового вала)\n	motorchik-vvt-ekstsentrikovogo-vala\n
1037	Моторчик блокировки заднего моста\n	motorchik-blokirovki-zadnego-mosta\n
1038	Моторчик блокировки межосевого дифференциала\n	motorchik-blokirovki-mezhosevogo-differentsiala\n
1039	Моторчик блокировки переднего моста\n	motorchik-blokirovki-perednego-mosta\n
1040	Моторчик вентиляции сиденья заднего\n	motorchik-ventilyatsii-sidenya-zadnego\n
1041	Моторчик вентиляции сиденья переднего\n	motorchik-ventilyatsii-sidenya-perednego\n
1042	Моторчик жалюзи\n	motorchik-zhalyuzi\n
1043	Моторчик заднего стеклоочистителя (дворника)\n	motorchik-zadnego-stekloochistitelya-dvornika\n
1044	Моторчик замка двери\n	motorchik-zamka-dveri\n
1045	Моторчик заслонки печки\n	motorchik-zaslonki-pechki\n
1046	Моторчик открывания кузовного стекла\n	motorchik-otkryvaniya-kuzovnogo-stekla\n
1047	Моторчик передних стеклоочистителей (дворников)\n	motorchik-perednikh-stekloochistiteley-dvornikov\n
1048	Моторчик печки\n	motorchik-pechki\n
1049	Моторчик регулировки потока выхлопных газов\n	motorchik-regulirovki-potoka-vykhlopnykh-gazov\n
1050	Моторчик регулировки сиденья\n	motorchik-regulirovki-sidenya\n
1051	Моторчик ручника (стояночного тормоза)\n	motorchik-ruchnika-stoyanochnogo-tormoza\n
1052	Моторчик стеклоочистителя фар\n	motorchik-stekloochistitelya-far\n
1053	Моторчик стеклоподъемника\n	motorchik-steklopodemnika\n
1054	Моторчик стеклоподъемника задний левый\n	motorchik-steklopodemnika-zadniy-levyy\n
1055	Моторчик стеклоподъемника задний правый\n	motorchik-steklopodemnika-zadniy-pravyy\n
1056	Моторчик стеклоподъемника передний левый\n	motorchik-steklopodemnika-peredniy-levyy\n
1057	Моторчик стеклоподъемника передний правый\n	motorchik-steklopodemnika-peredniy-pravyy\n
1058	Мультипликатор (клапан) форсунки\n	multiplikator-klapan-forsunki\n
1059	Муфта Haldex\n	mufta-haldex\n
1060	Муфта вентилятора\n	mufta-ventilyatora\n
1061	Муфта включения переднего моста (хаб)\n	mufta-vklyucheniya-perednego-mosta-khab\n
1062	Муфта включения полного привода\n	mufta-vklyucheniya-polnogo-privoda\n
1063	Муфта кардана\n	mufta-kardana\n
1064	Муфта компрессора кондиционера\n	mufta-kompressora-konditsionera\n
1065	Муфта обгонная АКПП\n	mufta-obgonnaya-akpp\n
1066	Муфта обгонная генератора\n	mufta-obgonnaya-generatora\n
1067	Муфта распредвала\n	mufta-raspredvala\n
1068	Муфта синхронизатора КПП\n	mufta-sinkhronizatora-kpp\n
1069	Набор инструментов штатный\n	nabor-instrumentov-shtatnyy\n
1070	Нагнетатель воздуха (компрессор)\n	nagnetatel-vozdukha-kompressor\n
1071	Накладка (ресничка) левой фары\n	nakladka-resnichka-levoy-fary\n
1072	Накладка (ресничка) правой фары\n	nakladka-resnichka-pravoy-fary\n
1073	Накладка (удлинитель) двери левой\n	nakladka-udlinitel-dveri-levoy\n
1074	Накладка (удлинитель) двери правой\n	nakladka-udlinitel-dveri-pravoy\n
1075	Накладка блока управления стеклоподъемниками\n	nakladka-bloka-upravleniya-steklopodemnikami\n
1076	Накладка боковая на сиденье\n	nakladka-bokovaya-na-sidene\n
1077	Накладка внутренняя на заднюю панель кузова\n	nakladka-vnutrennyaya-na-zadnyuyu-panel-kuzova\n
1078	Накладка двери (крышки) багажника\n	nakladka-dveri-krishki-bagazhnika\n
1079	Накладка двери задней левой\n	nakladka-dveri-zadney-levoy\n
1080	Накладка двери задней правой\n	nakladka-dveri-zadney-pravoy\n
1081	Накладка двери передней левой\n	nakladka-dveri-peredney-levoy\n
1082	Накладка двери передней правой\n	nakladka-dveri-peredney-pravoy\n
1083	Накладка декоративная\n	nakladka-dekorativnaya\n
1084	Накладка декоративная на торпедо\n	nakladka-dekorativnaya-na-torpedo\n
1085	Накладка декоративная салона (комплект)\n	komplekt-dekorativnykh-nakladok-salona\n
1086	Накладка декоративная центральной консоли\n	nakladka-dekorativnaya-tsentralnoy-konsoli\n
1087	Накладка замка багажника\n	nakladka-zamka-bagazhnika\n
1088	Накладка замка капота\n	nakladka-zamka-kapota\n
1089	Накладка крыла (уголок зеркала) переднего левого\n	nakladka-kryla-ugolok-zerkala-perednego-levogo\n
1090	Накладка крыла (уголок зеркала) переднего правого\n	nakladka-kryla-ugolok-zerkala-perednego-pravogo\n
1091	Накладка на бампер\n	nakladka-na-bamper\n
1092	Накладка на зеркало\n	nakladka-na-zerkalo\n
1093	Накладка на зеркало левое\n	nakladka-na-zerkalo-levoe\n
1094	Накладка на зеркало правое\n	nakladka-na-zerkalo-pravoe\n
1095	Накладка на педаль\n	nakladka-na-pedal\n
1096	Накладка на порог\n	nakladka-na-porog\n
1097	Накладка на ручку двери\n	nakladki-na-ruchki-dverey\n
1098	Накладка панели крепления облицовки (телевизора)\n	nakladka-paneli-krepleniya-oblitsovki-televizora\n
1099	Накладка петли багажника левая\n	nakladka-petli-bagazhnika-levaya\n
1100	Накладка петли багажника правая\n	nakladka-petli-bagazhnika-pravaya\n
1101	Накладка под номер\n	nakladka-pod-nomer\n
1102	Накладка под фонарь левый\n	nakladka-pod-fonar-levyy\n
1103	Накладка под фонарь правый\n	nakladka-pod-fonar-pravyy\n
1104	Накладка подсветки номера\n	nakladka-podsvetki-nomera\n
1105	Накладки (реснички) фар (комплект)\n	nakladki-resnichki-far-komplekt\n
1106	Наклейка\n	nakleyka\n
1107	Наконечник рулевой\n	nakonechnik-rulevoy\n
1108	Наконечник свечной\n	nakonechnik-svechnoy\n
1109	Направляющая задней распашной двери\n	napravlyayushchaya-zadney-raspashnoy-dveri\n
1110	Направляющая крышки багажника\n	napravlyayushchaya-kryshki-bagazhnika\n
1111	Направляющая сдвижной двери\n	napravlyayushchaya-sdvizhnoy-dveri\n
1112	Направляющая стекла\n	napravlyayushchaya-stekla\n
1113	Направляющая трубка для троса ручника (стояночного тормоза)\n	napravlyayushchaya-trubka-dlya-trosa-ruchnika-stoyanochnogo-tormoza\n
1114	Направляющая шторки багажника (салазки)\n	napravlyayushchaya-shtorki-bagazhnika-salazki\n
1115	Насадка на глушитель\n	nasadka-na-glushitel\n
1116	Насос (модуль) AdBlue\n	nasos-modul-adblue\n
1117	Насос (моторчик) омывателя стекла\n	nasos-motorchik-omyvatelya-stekla\n
1118	Насос (моторчик) омывателя стекла заднего\n	nasos-motorchik-omyvatelya-stekla-zadnego\n
1119	Насос (моторчик) омывателя фар\n	nasos-motorchik-omyvatelya-far\n
1120	Насос DSC\n	nasos-dsc\n
1121	Насос Haldex\n	nasos-haldex\n
1122	Насос АКПП\n	nasos-akpp\n
1123	Насос активного стабилизатора\n	nasos-aktivnogo-stabilizatora\n
1124	Насос антифриза дополнительный\n	nasos-antifriza-dopolnitelnyy\n
1125	Насос вакуумный\n	nasos-vakuumnyy\n
1126	Насос воздушный\n	nasos-vozdushnyy\n
1127	Насос гидравлический (отбора мощности)\n	nasos-gidravlicheskiy-otbora-moshchnosti\n
1128	Насос гидравлический подъема крыши\n	nasos-gidravlicheskiy-podema-kryshi\n
1129	Насос гидроподвески\n	nasos-gidropodveski\n
1130	Насос гидроусилителя руля\n	nasos-gidrousilitelya-rulya\n
1131	Насос масляный\n	nasos-maslyanyy\n
1132	Насос обдува форсунок\n	nasos-obduva-forsunok\n
1133	Насос подъёма кабины\n	nasos-podyema-kabiny\n
1134	Насос продувки катализатора\n	nasos-produvki-katalizatora\n
1135	Насос тандемный\n	nasos-tandemnyy\n
1136	Насос топливный\n	nasos-toplivnyy\n
1137	Насос топливный автономного отопителя\n	nasos-toplivnyy-avtonomnogo-otopitelya\n
1138	Насос топливный ручной (подкачка)\n	nasos-toplivnyy-ruchnoy-podkachka\n
1139	Насос топливоподкачивающий ТНВД\n	nasos-toplivopodkachivayushchiy-tnvd\n
1140	Насос центральной смазки\n	nasos-tsentralnoy-smazki\n
1141	Насосная станция гидроборта\n	nasosnaya-stantsiya-gidroborta\n
1142	Насосная станция, PLD-секция\n	nasosnaya-stantsiya-pld-sektsiya\n
1143	Натяжитель\n	natyazhitel\n
1144	Натяжитель ремня генератора\n	natyazhitel-remnya-generatora\n
1145	Натяжитель ремня ГРМ\n	natyazhitel-remnya-grm\n
1146	Натяжитель цепи\n	natyazhitel-tsepi\n
1147	Наушники\n	naushniki\n
1148	Ниша запасного колеса\n	nisha-zapasnogo-kolesa\n
1149	Обвес (комплект)\n	obves-komplekt\n
1150	Обогреватель высоковольтной батареи\n	obogrevatel-vysokovoltnoy-batarei\n
1151	Обтекатель\n	obtekatel\n
1152	Обшивка багажника\n	obshivka-bagazhnika\n
1153	Обшивка багажника переднего\n	obshivka-bagazhnika-perednego\n
1154	Обшивка дверей (комплект)\n	obshivka-dveri-komplekt\n
1225	Педаль сцепления\n	pedal-stsepleniya\n
1155	Обшивка двери задней левой (дверная карта)\n	obshivka-zadnyaya-levaya\n
1156	Обшивка двери задней правой (дверная карта)\n	obshivka-zadnyaya-pravaya\n
1157	Обшивка двери передней левой (дверная карта)\n	obshivka-perednyaya-levaya\n
1158	Обшивка двери передней правой (дверная карта)\n	obshivka-perednyaya-pravaya\n
1159	Обшивка крышки багажника\n	obshivka-kryshki-bagazhnika\n
1160	Обшивка салона\n	obshivka-salona\n
1161	Обшивка сидений\n	obshivka-sideniy\n
1162	Обшивка стойки\n	obshivka-stoyki\n
1163	Обшивка стойки задней левой\n	obshivka-stoyki-zadney-levoy\n
1164	Обшивка стойки задней правой\n	obshivka-stoyki-zadney-pravoy\n
1165	Обшивка стойки передней левой\n	obshivka-stoyki-peredney-levoy\n
1166	Обшивка стойки передней правой\n	obshivka-stoyki-peredney-pravoy\n
1167	Обшивка стойки центральной левой\n	obshivka-stoyki-tsentralnoy-levoy\n
1168	Обшивка стойки центральной правой\n	obshivka-stoyki-tsentralnoy-pravoy\n
1169	Ограничитель открывания борта (крышки багажника)\n	ogranichitel-otkryvaniya-borta-kryshki-bagazhnika\n
1170	Ограничитель открывания двери\n	ogranichitel-otkryvaniya-dveri\n
1171	Ограничитель открывания двери задней\n	ogranichitel-otkryvaniya-dveri-zadney\n
1172	Ограничитель открывания двери передней\n	ogranichitel-otkryvaniya-dveri-peredney\n
1173	Омыватель левой фары\n	omyvatel-levoy-fary\n
1174	Омыватель правой фары\n	omyvatel-pravoy-fary\n
1175	Опора амортизатора верхняя (чашка)\n	opora-amortizatora-verkhnyaya-chashka\n
1176	Опора амортизатора нижняя (чашка)\n	opora-amortizatora-nizhnyaya-chashka\n
1177	Опора заднего редуктора\n	opora-zadnego-reduktora\n
1178	Опора переднего редуктора\n	opora-perednego-reduktora\n
1179	Опора под домкрат (поддомкратная подушка)\n	opora-pod-domkrat-poddomkratnaya-podushka\n
1180	Опора радиатора\n	opora-radiatora\n
1181	Опорная площадка для ноги\n	opornaya-ploshchadka-dlya-nogi\n
1182	Осушитель\n	osushitel\n
1183	Ось колеса\n	os-kolesa\n
1184	Ось коромысел\n	os-koromysel\n
1185	Ось передняя\n	os-perednyaya\n
1186	Отбойник амортизатора\n	otboynik-amortizatora\n
1187	Отбойник бампера заднего\n	otboynik-bampera-zadnego\n
1188	Отбойник бампера переднего\n	otboynik-bampera-perednego\n
1189	Отбойник капота (демпфер)\n	otboynik-kapota-dempfer\n
1190	Отбойник подвески\n	otboynik-podveski\n
1191	Ответная часть (скоба) замка двери\n	otvetnaya-chast-skoba-zamka-dveri\n
1192	Ответная часть замка багажника\n	otvetnaya-chast-zamka-bagazhnika\n
1193	Отопитель в сборе (печка)\n	otopitel-v-sbore-pechka\n
1194	Отопитель гибридного модуля\n	otopitel-gibridnogo-modulya\n
1195	Отражатель фары\n	otrazhatel-fary\n
1196	Охладитель отработанных газов\n	okhladitel-otrabotannykh-gazov\n
1197	Охладитель тягового аккумулятора\n	okhladitel-tyagovogo-akkumulyatora\n
1198	Очечник\n	ochechnik\n
1199	Очко фары левой\n	ochko-fary-levoy\n
1200	Очко фары правой\n	ochko-fary-pravoy\n
1201	Панель (плата) фонаря заднего левого\n	panel-plata-fonarya-zadnego-levogo\n
1202	Панель (плата) фонаря заднего правого\n	panel-plata-fonarya-zadnego-pravogo\n
1203	Панель кодового замка\n	panel-kodovogo-zamka\n
1204	Панель передняя салона (торпедо)\n	panel-perednyaya-salona-torpedo\n
1205	Панель управления магнитолой\n	panel-upravleniya-magnitoloy\n
1206	Парктроник задний\n	parktronik-zadniy\n
1207	Парктроник передний\n	parktronik-peredniy\n
1208	Патрон лампы указателя поворота\n	patron-lampy-ukazatelya-povorota\n
1209	Патрон лампы фары\n	patron-lampy-fary\n
1210	Патрон лампы фонаря\n	patron-lampy-fonarya\n
1211	Патрубок (трубопровод, шланг)\n	patrubok-truboprovod-shlang\n
1212	Патрубок автономного отопителя\n	patrubok-avtonomnogo-otopitelya\n
1213	Патрубок вентиляции картера\n	patrubok-ventilyatsii-kartera\n
1214	Патрубок воздушного фильтра\n	patrubok-vozdushnogo-filtra\n
1215	Патрубок впускного коллектора\n	patrubok-vpusknogo-kollektora\n
1216	Патрубок интеркулера\n	patrubok-interkulera\n
1217	Патрубок отопителя (печки)\n	patrubok-otopitelya-pechki\n
1218	Патрубок радиатора\n	patrubok-radiatora\n
1219	Патрубок расширительного бачка\n	patrubok-rasshiritelnogo-bachka\n
1220	Патрубок турбины\n	patrubok-turbiny\n
1221	Педаль\n	pedal\n
1222	Педаль (лапка) заднего тормоза\n	pedal-lapka-zadnego-tormoza\n
1223	Педаль газа\n	pedal-gaza\n
1224	Педаль стояночного тормоза\n	pedal-stoyanochnogo-tormoza\n
1226	Педаль тормоза\n	pedal-tormoza\n
1227	Пепельница\n	pepelnitsa\n
1228	Перегородка грузового (пассажирского) отсека\n	peregorodka-gruzovogo-passazhirskogo-otseka\n
1229	Перегородка моторного отсека\n	peregorodka-motornogo-otseka\n
1230	Передняя панель крепления облицовки (телевизор)\n	perednyaya-panel-krepleniya-oblitsovki-televizor\n
1231	Передняя часть (ноускат) в сборе\n	perednyaya-chast-nouskat-v-sbore\n
1232	Передняя часть кузова\n	perednyaya-chast-kuzova\n
1233	Переключатель (пульт) руля правый для мотоцикла\n	pereklyuchatel-pult-rulya-pravyy-dlya-mototsikla\n
1234	Переключатель дворников\n	pereklyuchatel-dvornikov\n
1235	Переключатель круиз-контроля\n	pereklyuchatel-kruiz-kontrolya\n
1236	Переключатель отопителя (печки)\n	pereklyuchatel-otopitelya-pechki\n
1237	Переключатель поворотов\n	pereklyuchatel-povorotov\n
1238	Переключатель подрулевой (стрекоза)\n	pereklyuchatel-podrulevoy-strekoza\n
1239	Переключатель подрулевой АКПП\n	pereklyuchatel-podrulevoy-akpp\n
1240	Переключатель подрулевой управления ретардером\n	pereklyuchatel-podrulevoy-upravleniya-retarderom\n
1241	Переключатель полного привода\n	pereklyuchatel-polnogo-privoda\n
1242	Переключатель света\n	pereklyuchatel-sveta\n
1243	Перемычка рамы\n	peremychka-ramy\n
1244	Переходник EGR\n	perekhodnik-egr\n
1245	Переходник для зарядки\n	perekhodnik-dlya-zaryadki\n
1246	Петля двери\n	petlya-dveri\n
1247	Петля двери задней левой\n	petlya-dveri-zadney-levoy\n
1248	Петля двери задней правой\n	petlya-dveri-zadney-pravoy\n
1249	Петля двери передней левой\n	petlya-dveri-peredney-levoy\n
1250	Петля двери передней правой\n	petlya-dveri-peredney-pravoy\n
1251	Петля заднего стекла\n	petlya-zadnego-stekla\n
1252	Петля капота\n	petlya-kapota\n
1253	Петля капота левая\n	petlya-kapota-levaya\n
1254	Петля капота правая\n	petlya-kapota-pravaya\n
1255	Петля крепления груза\n	petlya-krepleniya-gruza\n
1256	Петля крышки багажника\n	petlya-kryshki-bagazhnika\n
1257	Петля спального места\n	petlya-spalnogo-mesta\n
1258	Пиропатрон\n	piropatron\n
1259	Пиропатрон петли капота\n	piropatron-petli-kapota\n
1260	Планка кассеты радиаторов нижняя\n	planka-kassety-radiatorov-nizhnyaya\n
1261	Планка крепления аккумулятора\n	planka-krepleniya-akkumulyatora\n
1262	Планка под капот\n	planka-pod-kapot\n
1263	Пластик\n	plastik\n
1264	Пластик багажника\n	plastik-bagazhnika\n
1265	Пластик моторного отсека\n	plastik-motornogo-otseka\n
1266	Пластик салазок сиденья\n	plastik-salazok-sidenya\n
1267	Пластик салона\n	plastik-salona\n
1268	Плата монтажная\n	plata-montazhnaya\n
1269	Платформа\n	platforma\n
1270	Плафон подсветки бардачка\n	plafon-podsvetki-bardachka\n
1271	Площадка регулировочная подвески\n	ploshchadka-regulirovochnaya-podveski\n
1272	Плунжерная пара\n	plunzhernaya-para\n
1273	Плюсовой провод аккумулятора\n	plyusovoy-provod-akkumulyatora\n
1274	Пневмогидроусилитель сцепления\n	pnevmogidrousilitel-stsepleniya\n
1275	Пневмоподушка\n	pnevmopodushka\n
1276	Пневмоподушка подвески кабины\n	pnevmopodushka-podveski-kabiny\n
1277	Пневмостойка задняя\n	pnevmostoyka-zadnyaya\n
1278	Пневмостойка передняя\n	pnevmostoyka-perednyaya\n
1279	Пневмоцилиндр рулевой колонки\n	pnevmotsilindr-rulevoy-kolonki\n
1280	Поворотник левый\n	povorotnik-levyy\n
1281	Поворотник правый\n	povorotnik-pravyy\n
1282	Повторитель в зеркало передний левый\n	povtoritel-v-zerkalo-peredniy-levyy\n
1283	Повторитель в зеркало передний правый\n	povtoritel-v-zerkalo-peredniy-pravyy\n
1284	Повторитель передний левый\n	povtoritel-peredniy-levyy\n
1285	Повторитель передний правый\n	povtoritel-peredniy-pravyy\n
1286	Подвесная ось (ленивец)\n	podvesnaya-os-lenivets\n
1287	Подголовник\n	podgolovnik\n
1288	Поддон\n	poddon\n
1289	Поддон КПП\n	poddon-kpp\n
1290	Подиум крепления датчика парктроника\n	podium-krepleniya-datchika-parktronika\n
1291	Подлокотник\n	podlokotnik\n
1292	Подножка\n	podnozhka\n
1293	Подножка кабины левая (входной модуль)\n	podnozhka-kabiny-levaya-vkhodnoy-modul\n
1294	Подножка кабины правая (входной модуль)\n	podnozhka-kabiny-pravaya-vkhodnoy-modul\n
1295	Подогрев бачка омывателя\n	podogrev-bachka-omyvatelya\n
1296	Подогрев впускного коллектора (еж)\n	podogrev-vpusknogo-kollektora-ezh\n
1297	Подогрев сиденья\n	podogrev-sidenya\n
1298	Подогрев топливного фильтра\n	podogrev-toplivnogo-filtra\n
1299	Подогреватель Adblue\n	podogrevatel-adblue\n
1300	Подогреватель охлаждающей жидкости (антифриза)\n	podogrevatel-okhlazhdayushchey-zhidkosti-antifriza\n
1301	Подсветка номера\n	podsvetka-nomera\n
1302	Подсветка порога\n	podsvetka-poroga\n
1303	Подсветка салона\n	podsvetka-salona\n
1304	Подстаканник\n	podstakannik\n
1305	Подушка безопасности\n	podushka-bezopasnosti\n
1306	Подушка безопасности боковая (в дверь)\n	podushka-bezopasnosti-bokovaya-v-dver\n
1307	Подушка безопасности боковая (в дверь) задняя левая\n	podushka-bezopasnosti-bokovaya-v-dver-zadnyaya-levaya\n
1308	Подушка безопасности боковая (в дверь) задняя правая\n	podushka-bezopasnosti-bokovaya-v-dver-zadnyaya-pravaya\n
1309	Подушка безопасности боковая (в дверь) передняя левая\n	podushka-bezopasnosti-bokovaya-v-dver-perednyaya-levaya\n
1310	Подушка безопасности боковая (в дверь) передняя правая\n	podushka-bezopasnosti-bokovaya-v-dver-perednyaya-pravaya\n
1311	Подушка безопасности боковая (в сиденье)\n	podushka-bezopasnosti-bokovaya-v-sidene\n
1312	Подушка безопасности боковая (шторка)\n	podushka-bezopasnosti-bokovaya-shtorka\n
1313	Подушка безопасности боковая (шторка) левая\n	podushka-bezopasnosti-bokovaya-shtorka-levaya\n
1314	Подушка безопасности боковая (шторка) правая\n	podushka-bezopasnosti-bokovaya-shtorka-pravaya\n
1315	Подушка безопасности водителя\n	podushka-bezopasnosti-voditelya\n
1316	Подушка безопасности коленная\n	podushka-bezopasnosti-kolennaya\n
1317	Подушка безопасности пассажира\n	podushka-bezopasnosti-passazhira\n
1318	Подушка защиты печки\n	podushka-zashchity-pechki\n
1319	Подушка кабины\n	podushka-kabiny\n
1320	Подушка крепления двигателя\n	podushka-krepleniya-dvigatelya\n
1321	Подушка крепления КПП\n	podushka-krepleniya-kpp\n
1322	Подушка под моновпрыск\n	podushka-pod-monovprysk\n
1323	Подушка рамы\n	podushka-ramy\n
1324	Подушка рессоры задней\n	podushka-ressory-zadney\n
1325	Подушка рессоры передней\n	podushka-ressory-peredney\n
1326	Подшипник\n	podshipnik\n
1327	Подшипник вала рулевой колонки\n	podshipnik-vala-rulevoy-kolonki\n
1328	Подшипник выжимной\n	podshipnik-vyzhimnoy\n
1329	Подшипник КПП\n	podshipnik-kpp\n
1330	Подшипник опорный\n	podshipnik-opornyy\n
1331	Подшипник полуоси подвесной\n	podshipnik-poluosi-podvesnoy\n
1332	Подшипник рулевой рейки\n	podshipnik-rulevoy-reyki\n
1333	Подшипник ступицы\n	podshipnik-stupitsy\n
1334	Подъемник шторки\n	podemnik-shtorki\n
1335	Пол багажника\n	pol-bagazhnika\n
1336	Полка аккумулятора\n	polka-akkumulyatora\n
1337	Полка багажника\n	polka-bagazhnika\n
1338	Полка над лобовым стеклом\n	polka-nad-lobovym-steklom\n
1339	Полка под руль\n	polka-pod-rul\n
1340	Полка спальника\n	polka-spalnika\n
1341	Полуось (приводной вал, ШРУС)\n	poluos-privodnoy-val-shrus\n
1342	Полуось задняя (приводной вал, ШРУС)\n	poluos-zadnyaya-privodnoy-val-shrus\n
1343	Полуось передняя левая (приводной вал, ШРУС)\n	poluos-perednyaya-levaya-privodnoy-val-shrus\n
1344	Полуось передняя правая (приводной вал, ШРУС)\n	poluos-perednyaya-pravaya-privodnoy-val-shrus\n
1345	Полурессора\n	poluressora\n
1346	Полурессора задняя\n	poluressora-zadnyaya\n
1347	Помпа\n	pompa\n
1348	Порог левый\n	porog-levyy\n
1349	Порог правый\n	porog-pravyy\n
1350	Пороги (комплект)\n	porogi-komplekt\n
1351	Порт зарядный\n	port-zaryadnyy\n
1352	Поручень\n	poruchen\n
1353	Поршень\n	porshen\n
1354	Поршень опережения впрыска ТНВД\n	porshen-operezheniya-vpryska-tnvd\n
1355	Поршень суппорта\n	porshen-supporta\n
1356	Поршневые кольца\n	porshnevye-koltsa\n
1357	Постель коленвала\n	postel-kolenvala\n
1358	Постель распредвала (бугель)\n	postel-raspredvala-bugel\n
1359	Потолок\n	potolok\n
1360	Преднатяжитель ремня безопасности\n	prednatyazhitel-remnya-bezopasnosti\n
1361	Предохранитель высоковольтный\n	predokhranitel-vysokovoltnyy\n
1362	Преобразователь давления (соленоид наддува/EGR)\n	preobrazovatel-davleniya-solenoid-nadduva-egr\n
1363	Преобразователь напряжения\n	preobrazovatel-napryazheniya\n
1364	Привод вентилятора вискомуфты\n	privod-ventilyatora-viskomufty\n
1365	Привод заслонки дроссельной\n	privod-zaslonki-drosselnoy\n
1366	Привод компрессора пневмоподвески\n	privod-kompressora-pnevmopodveski\n
1367	Привод круиз-контроля\n	privod-kruiz-kontrolya\n
1819	Фонарь заднего хода\n	fonar-zadnego-khoda\n
1368	Привод масляного насоса\n	privod-maslyanogo-nasosa\n
1369	Привод ТНВД\n	privod-tnvd\n
1370	Прикуриватель\n	prikurivatel\n
1371	Прицепное устройство (фаркоп)\n	pritsepnoe-ustroystvo-farkop\n
1372	Пробка КПП\n	probka-kpp\n
1373	Пробка маслозаливная\n	probka-maslozalivnaya\n
1374	Пробка расширительного бачка\n	probka-rasshiritelnogo-bachka\n
1375	Пробка топливного бака\n	probka-toplivnogo-baka\n
1376	Провод (кабель) камеры\n	provod-kabel-kamery\n
1377	Провод USB\n	provod-usb\n
1378	Провод высоковольтный\n	provod-vysokovoltnyy\n
1379	Провод датчика ABS\n	provod-datchika-abs\n
1380	Провод массы\n	provod-massy\n
1381	Проводка\n	provodka\n
1382	Проводка (планка) свечей накала\n	provodka-planka-svechey-nakala\n
1383	Проводка амортизатора VDC\n	provodka-amortizatora-vdc\n
1384	Проводка бампера заднего\n	provodka-bampera-zadnego\n
1385	Проводка бампера переднего\n	provodka-bampera-perednego\n
1386	Проводка датчика износа колодок\n	provodka-datchika-iznosa-kolodok\n
1387	Проводка датчиков уровня подвески\n	provodka-datchikov-urovnya-podveski\n
1388	Проводка двери\n	provodka-dveri\n
1389	Проводка двигателя\n	provodka-dvigatelya\n
1390	Проводка КПП\n	provodka-kpp\n
1391	Проводка крышки багажника\n	provodka-kryshki-bagazhnika\n
1392	Проводка раздаточной коробки\n	provodka-razdatochnoy-korobki\n
1393	Проводка рулевой рейки\n	provodka-rulevoy-reyki\n
1394	Проводка салона\n	provodka-salona\n
1395	Проводка фары\n	provodka-fary\n
1396	Проводка форсунок\n	provodka-forsunok\n
1397	Проектор\n	proektor\n
1398	Прокладка\n	prokladka\n
1399	Прокладка впускного коллектора\n	prokladka-vpusknogo-kollektora\n
1400	Прокладка выпускного коллектора\n	prokladka-vypusknogo-kollektora\n
1401	Прокладка ГБЦ\n	prokladka-gbts\n
1402	Прокладка глушителя\n	prokladka-glushitelya\n
1403	Прокладка катализатора\n	prokladka-katalizatora\n
1404	Прокладка клапанной крышки\n	prokladka-klapannoy-kryshki\n
1405	Прокладка КПП (пластина)\n	prokladka-kpp-plastina\n
1406	Прокладка поддона АКПП\n	prokladka-poddona-akpp\n
1407	Проставка клапанной крышки\n	prostavka-klapannoy-kryshki\n
1408	Проставка седельно-сцепного устройства\n	prostavka-sedelno-stsepnogo-ustroystva\n
1409	Проставки колесные\n	prostavki-kolesnye\n
1410	Проставки под балку подвески заднюю\n	prostavki-pod-balku-podveski-zadnyuyu\n
1411	Проставки под балку подвески переднюю (подрамник)\n	prostavki-pod-balku-podveski-perednyuyu-podramnik\n
1412	Проставки под пружины\n	prostavki-pod-pruzhiny\n
1413	Противовес (амортизатор динамический)\n	protivoves-amortizator-dinamicheskiy\n
1414	Прочая запчасть\n	prochaya-zapchast\n
1415	Пружина задняя\n	pruzhina-zadnyaya\n
1416	Пружина крышки багажника\n	pruzhina-kryshki-bagazhnika\n
1417	Пружина передняя\n	pruzhina-perednyaya\n
1418	Пружина петли капота\n	pruzhina-petli-kapota\n
1419	Пружина подвески кабины\n	pruzhina-podveski-kabiny\n
1420	Пульт управления автономным отопителем\n	pult-upravleniya-avtonomnym-otopitelem\n
1421	Пульт управления гидроборта\n	pult-upravleniya-gidroborta\n
1422	Пульт управления лебедкой\n	pult-upravleniya-lebedkoy\n
1423	Пульт управления мультимедиа\n	pult-upravleniya-multimedia\n
1424	Пульт управления пневмоподвеской\n	pult-upravleniya-pnevmopodveskoy\n
1425	Пульт управления седельно-сцепным устройством\n	pult-upravleniya-sedelno-stsepnym-ustroystvom\n
1426	Пыльник\n	pylnik\n
1427	Пыльник амортизатора\n	pylnik-amortizatora\n
1428	Пыльник двигателя\n	pylnik-dvigatelya\n
1429	Пыльник крыла заднего левого\n	pylnik-kryla-zadnego-levogo\n
1430	Пыльник крыла заднего правого\n	pylnik-kryla-zadnego-pravogo\n
1431	Пыльник крыла переднего левого\n	pylnik-kryla-perednego-levogo\n
1432	Пыльник крыла переднего правого\n	pylnik-kryla-perednego-pravogo\n
1433	Пыльник рулевой рейки\n	pylnik-rulevoy-reyki\n
1434	Радар\n	radar\n
1435	Радиатор (дополнительный)\n	radiator-dopolnitelnyy\n
1436	Радиатор (основной)\n	radiator-osnovnoy\n
1437	Радиатор EGR\n	radiator-egr\n
1438	Радиатор АКПП\n	radiator-akpp\n
1439	Радиатор гидроподвески\n	radiator-gidropodveski\n
1440	Радиатор гидроусилителя\n	radiator-gidrousilitelya\n
1441	Радиатор инвертора\n	radiator-invertora\n
1442	Радиатор кондиционера\n	radiator-konditsionera\n
1443	Радиатор масляный\n	radiator-maslyanyy\n
1444	Радиатор отопителя (печки)\n	radiator-otopitelya-pechki\n
1445	Радиатор ретардера\n	radiator-retardera\n
1446	Радиатор топлива\n	radiator-topliva\n
1447	Радиостанция (рация)\n	radiostantsiya-ratsiya\n
1448	Раздаточная коробка\n	razdatochnaya-korobka\n
1449	Разъем (фишка) проводки\n	razem-fishka-provodki\n
1450	Разъем AUX / USB\n	razem-aux-usb\n
1451	Рама\n	rama\n
1452	Рамка (накладка) рычага КПП\n	ramka-nakladka-rychaga-kpp\n
1453	Рамка блока кнопок центральной консоли\n	ramka-bloka-knopok-tsentralnoy-konsoli\n
1454	Рамка блока управления печки/климат-контроля\n	ramka-bloka-upravleniya-pechki-klimat-kontrolya\n
1455	Рамка двери задней левой\n	ramka-dveri-zadney-levoy\n
1456	Рамка двери задней правой\n	ramka-dveri-zadney-pravoy\n
1457	Рамка двери передней левой\n	ramka-dveri-peredney-levoy\n
1458	Рамка двери передней правой\n	ramka-dveri-peredney-pravoy\n
1459	Рамка для номера\n	ramka-dlya-nomera\n
1460	Рамка зеркала наружного левого\n	ramka-zerkala-naruzhnogo-levogo\n
1461	Рамка зеркала наружного правого\n	ramka-zerkala-naruzhnogo-pravogo\n
1462	Рамка капота\n	ramka-kapota\n
1463	Рамка под магнитолу\n	ramka-pod-magnitolu\n
1464	Рамка решетки радиатора\n	ramka-reshetki-radiatora\n
1465	Рамка фары противотуманной левой\n	ramka-fary-protivotumannoy-levoy\n
1466	Рамка фары противотуманной правой\n	ramka-fary-protivotumannoy-pravoy\n
1467	Распорка стоек\n	rasporka-stoek\n
1468	Распорная планка\n	raspornaya-planka\n
1469	Распредвал\n	raspredval\n
1470	Распределитель впрыска (инжектор)\n	raspredelitel-vpryska-inzhektor\n
1471	Распределитель зажигания (трамблёр)\n	raspredelitel-zazhiganiya-tramblyer\n
1472	Распределитель тока\n	raspredelitel-toka\n
1473	Распределитель тормозной силы\n	raspredelitel-tormoznoy-sily\n
1474	Распределитель штекерный\n	raspredelitel-shtekernyy\n
1475	Растяжка передка\n	rastyazhka-peredka\n
1476	Расходомер воздуха\n	raskhodomer-vozdukha\n
1477	Расширители арок\n	rasshiriteli-arok\n
1478	Регулятор высоты стекла мотоцикла\n	regulyator-vysoty-stekla-mototsikla\n
1479	Регулятор выхлопных газов\n	regulyator-vykhlopnykh-gazov\n
1480	Регулятор давления топлива\n	regulyator-davleniya-topliva\n
1481	Регулятор дорожного просвета задний\n	regulyator-dorozhnogo-prosveta-zadniy\n
1482	Регулятор дорожного просвета передний\n	regulyator-dorozhnogo-prosveta-peredniy\n
1483	Регулятор напряжения\n	regulyator-napryazheniya\n
1484	Редуктор АКПП\n	reduktor-akpp\n
1485	Редуктор заднего моста\n	reduktor-zadnego-mosta\n
1486	Редуктор переднего моста\n	reduktor-perednego-mosta\n
1487	Редуктор рулевой\n	reduktor-rulevoy\n
1488	Резистор АКПП\n	rezistor-akpp\n
1489	Резонатор (пламягаситель) глушителя\n	rezonator-plamyagasitel-glushitelya\n
1490	Резонатор воздушного фильтра\n	rezonator-vozdushnogo-filtra\n
1491	Рейка доворота задней оси\n	reyka-dovorota-zadney-osi\n
1492	Реле (прочие)\n	rele-prochie\n
1493	Реле бензонасоса\n	rele-benzonasosa\n
1494	Реле вентилятора\n	rele-ventilyatora\n
1495	Реле втягивающее стартера\n	rele-vtyagivayushchee-startera\n
1496	Реле замка крышки багажника\n	rele-zamka-kryshki-bagazhnika\n
1497	Реле накала свечей\n	rele-nakala-svechey\n
1498	Реле поворотов\n	rele-povorotov\n
1499	Реле стеклоочистителей (дворников)\n	rele-stekloochistiteley-dvornikov\n
1500	Ремень безопасности\n	remen-bezopasnosti\n
1501	Ремень безопасности задний левый\n	remen-bezopasnosti-zadniy-levyy\n
1502	Ремень безопасности задний правый\n	remen-bezopasnosti-zadniy-pravyy\n
1503	Ремень безопасности задний центральный\n	remen-bezopasnosti-zadniy-tsentralnyy\n
1504	Ремень безопасности передний левый\n	remen-bezopasnosti-peredniy-levyy\n
1505	Ремень безопасности передний правый\n	remen-bezopasnosti-peredniy-pravyy\n
1506	Ремень вариатора\n	remen-variatora\n
1507	Ремень генератора\n	remen-generatora\n
1508	Ремень ГРМ\n	remen-grm\n
1509	Ремень привода рулевой рейки\n	remen-privoda-rulevoy-reyki\n
1510	Ремкомплект\n	remkomplekt\n
1511	Ремкомплект для форсунки\n	remkomplekt-dlya-forsunki\n
1512	Ремкомплект компрессора пневмоподвески\n	remkomplekt-kompressora-pnevmopodveski\n
1513	Ремкомплект кулисы\n	remkomplekt-kulisy\n
1514	Ремкомплект механизма открытия экрана MMI\n	remkomplekt-mekhanizma-otkrytiya-ekrana-mmi\n
1515	Ремкомплект ограничителя двери\n	remkomplekt-ogranichitelya-dveri\n
1516	Ремкомплект турбины\n	remkomplekt-turbiny\n
1517	Ремкомплект фар\n	remkomplekt-far\n
1518	Ремкомплект фонарей\n	remkomplekt-fonarey\n
1519	Ресивер воздушный\n	resiver-vozdushnyy\n
1520	Ресивер пневмоподвески\n	resiver-pnevmopodveski\n
1521	Рессора\n	ressora\n
1522	Рессора задняя\n	ressora-zadnyaya\n
1523	Рессора передняя\n	ressora-perednyaya\n
1524	Решетка вентиляции кузова\n	reshetka-ventilyatsii-kuzova\n
1525	Решетка воздухозаборника\n	reshetka-vozdukhozabornika\n
1526	Решетка капота\n	reshetka-kapota\n
1527	Решетка радиатора\n	reshetka-radiatora\n
1528	Решетки на задние фонари\n	reshetki-na-zadnie-fonari\n
1529	Розетка зарядки автомобиля\n	rozetka-zaryadki-avtomobilya\n
1530	Розетка фаркопа\n	rozetka-farkopa\n
1531	Ролик двери сдвижной\n	rolik-dveri-sdvizhnoy\n
1532	Ролик натяжителя\n	rolik-natyazhitelya\n
1533	Ролик обводной\n	rolik-obvodnoy\n
1534	Роликовая направляющая\n	rolikovaya-napravlyayushchaya\n
1535	Ротор генератора\n	rotor-generatora\n
1536	Руководство по эксплуатации (сервисная книжка)\n	rukovodstvo-po-ekspluatatsii-servisnaya-knizhka\n
1537	Рулевая колонка\n	rulevaya-kolonka\n
1538	Рулевая рейка\n	rulevaya-reyka\n
1539	Рулевая сошка\n	rulevaya-soshka\n
1540	Рулевая трапеция\n	rulevaya-trapetsiya\n
1541	Рулевой карданчик\n	rulevoy-kardanchik\n
1542	Рулевой маятник\n	rulevoy-mayatnik\n
1543	Руль\n	rul\n
1544	Ручка бардачка\n	ruchka-bardachka\n
1545	Ручка внутренняя\n	ruchka-vnutrennyaya\n
1546	Ручка внутренняя задняя левая\n	ruchka-vnutrennyaya-zadnyaya-levaya\n
1547	Ручка внутренняя задняя правая\n	ruchka-vnutrennyaya-zadnyaya-pravaya\n
1548	Ручка внутренняя передняя левая\n	ruchka-vnutrennyaya-perednyaya-levaya\n
1549	Ручка внутренняя передняя правая\n	ruchka-vnutrennyaya-perednyaya-pravaya\n
1550	Ручка внутренняя потолочная\n	ruchka-vnutrennyaya-potolochnaya\n
1551	Ручка крышки багажника\n	ruchka-kryshki-bagazhnika\n
1552	Ручка кулисы КПП\n	ruchka-kulisy-kpp\n
1553	Ручка наружная\n	ruchka-naruzhnaya\n
1554	Ручка наружная задняя левая\n	ruchka-naruzhnaya-zadnyaya-levaya\n
1555	Ручка наружная задняя правая\n	ruchka-naruzhnaya-zadnyaya-pravaya\n
1556	Ручка наружная передняя левая\n	ruchka-naruzhnaya-perednyaya-levaya\n
1557	Ручка наружная передняя правая\n	ruchka-naruzhnaya-perednyaya-pravaya\n
1558	Ручка наружная сдвижной двери левой\n	ruchka-naruzhnaya-sdvizhnoy-dveri-levoy\n
1559	Ручка наружная сдвижной двери правой\n	ruchka-naruzhnaya-sdvizhnoy-dveri-pravoy\n
1560	Ручка открывания багажника\n	ruchka-otkryvaniya-bagazhnika\n
1561	Ручка открывания капота\n	ruchka-otkryvaniya-kapota\n
1562	Ручка открытия заднего бокового стекла\n	ruchka-otkrytiya-zadnego-bokovogo-stekla\n
1563	Ручка открытия лючка топливного бака\n	ruchka-otkrytiya-lyuchka-toplivnogo-baka\n
1564	Ручка переключателя отопителя (печки)\n	ruchka-pereklyuchatelya-otopitelya-pechki\n
1565	Ручка переключения передач\n	ruchka-pereklyucheniya-peredach\n
1566	Ручка регулировки спинки сиденья\n	ruchka-regulirovki-spinki-sidenya\n
1567	Ручка стеклоподъемника\n	ruchka-steklopodemnika\n
1568	Рычаг заднего стеклоочистителя\n	rychag-zadnego-stekloochistitelya\n
1569	Рычаг задний\n	rychag-zadniy\n
1570	Рычаг задний левый\n	rychag-zadniy-levyy\n
1571	Рычаг задний правый\n	rychag-zadniy-pravyy\n
1572	Рычаг передний\n	rychag-peredniy\n
1573	Рычаг передний левый\n	rychag-peredniy-levyy\n
1574	Рычаг передний правый\n	rychag-peredniy-pravyy\n
1575	Рычаг ручного тормоза (ручника)\n	rychag-ruchnogo-tormoza-ruchnika\n
1576	Сабвуфер\n	sabvufer\n
1577	Сайлентблок\n	saylentblok\n
1578	Салазки сиденья\n	salazki-sidenya\n
1579	Салон (комплект сидений)\n	salon-komplekt-sideniy\n
1580	Сальник\n	salnik\n
1581	Сальник насоса гидроусилителя\n	salnik-nasosa-gidrousilitelya\n
1582	Сальник полуоси\n	salnik-poluosi\n
1583	Сальник рулевой рейки\n	salnik-rulevoy-reyki\n
1584	Сальник ступицы колеса\n	salnik-stupitsy-kolesa\n
1585	Свеча\n	svecha\n
1586	Свеча накала\n	svecha-nakala\n
1587	Свеча накала автономного отопителя\n	svecha-nakala-avtonomnogo-otopitelya\n
1588	Седельно-сцепное устройство\n	sedelno-stsepnoe-ustroystvo\n
1589	Селектор АКПП\n	selektor-akpp\n
1739	Трубка масляного радиатора\n	trubka-maslyanogo-radiatora\n
1590	Серводвигатель (моторчик) рулевой рейки\n	servodvigatel-motorchik-rulevoy-reyki\n
1591	Сервопривод заслонок впускного коллектора\n	servoprivod-zaslonok-vpusknogo-kollektora\n
1592	Сервопривод рулевого управления\n	servoprivod-rulevogo-upravleniya\n
1593	Серьга рессоры\n	serga-ressory\n
1594	Сетка (собачник)\n	setka-sobachnik\n
1595	Сетка для динамика\n	setka-dlya-dinamika\n
1596	Сетка крепления груза\n	setka-krepleniya-gruza\n
1597	Сигнал (клаксон)\n	signal-klakson\n
1598	Сиденье заднее\n	sidene-zadnee\n
1599	Сиденье переднее\n	sidene-perednee\n
1600	Сиденье переднее левое\n	sidene-perednee-levoe\n
1601	Сиденье переднее правое\n	sidene-perednee-pravoe\n
1602	Сиденье третий ряд\n	sidene-tretiy-ryad\n
1603	Силовой провод аккумулятора\n	silovoy-provod-akkumulyatora\n
1604	Синхронизатор КПП\n	sinkhronizator-kpp\n
1605	Сирена\n	sirena\n
1606	Система газораспределения\n	sistema-gazoraspredeleniya\n
1607	Скелет ручки наружной задней левой\n	skelet-ruchki-naruzhnoy-zadney-levoy\n
1608	Скелет ручки наружной задней правой\n	skelet-ruchki-naruzhnoy-zadney-pravoy\n
1609	Скелет ручки наружной передней левой\n	skelet-ruchki-naruzhnoy-peredney-levoy\n
1610	Скелет ручки наружной передней правой\n	skelet-ruchki-naruzhnoy-peredney-pravoy\n
1611	Скоба (кронштейн) крепления форсунки\n	skoba-kronshteyn-krepleniya-forsunki\n
1612	Скоба суппорта\n	skoba-supporta\n
1613	Скоба суппорта заднего\n	skoba-supporta-zadnego\n
1614	Скоба суппорта переднего\n	skoba-supporta-perednego\n
1615	Соленоид (клапан) АКПП\n	solenoid-klapan-akpp\n
1616	Сопротивление вентилятора охлаждения\n	soprotivlenie-ventilyatora-okhlazhdeniya\n
1617	Сопротивление печки\n	soprotivlenie-pechki\n
1618	Спальник\n	spalnik\n
1619	Спидометр\n	spidometr\n
1620	Спойлер\n	spoyler\n
1621	Спойлер кабины\n	spoyler-kabiny\n
1622	Стабилизатор кабины\n	stabilizator-kabiny\n
1623	Стабилизатор напряжения\n	stabilizator-napryazheniya\n
1624	Стабилизатор подвески (поперечной устойчивости)\n	stabilizator-podveski-poperechnoy-ustoychivosti\n
1625	Стабилизатор подвески (поперечной устойчивости) задний\n	stabilizator-podveski-poperechnoy-ustoychivosti-zadniy\n
1626	Стабилизатор подвески (поперечной устойчивости) передний\n	stabilizator-podveski-poperechnoy-ustoychivosti-peredniy\n
1627	Стакан (втулка) форсунки\n	stakan-vtulka-forsunki\n
1628	Стакан сепаратора\n	stakan-separatora\n
1629	Стартер\n	starter\n
1630	Стартер ксенона (игнитор)\n	starter-ksenona-ignitor\n
1631	Стартер-генератор\n	starter-generator\n
1632	Статор насоса АКПП\n	stator-nasosa-akpp\n
1633	Стекло двери задней левой\n	steklo-dveri-zadney-levoy\n
1634	Стекло двери задней правой\n	steklo-dveri-zadney-pravoy\n
1635	Стекло двери передней левой\n	steklo-dveri-peredney-levoy\n
1636	Стекло двери передней правой\n	steklo-dveri-peredney-pravoy\n
1637	Стекло двери сдвижной\n	cteklo-dveri-sdvizhnoy\n
1638	Стекло заднее\n	steklo-zadnee\n
1639	Стекло зеркала наружного левого\n	steklo-zerkala-naruzhnogo-levogo\n
1640	Стекло зеркала наружного правого\n	steklo-zerkala-naruzhnogo-pravogo\n
1641	Стекло кузовное боковое левое\n	steklo-kuzovnoe-bokovoe-levoe\n
1642	Стекло кузовное боковое правое\n	steklo-kuzovnoe-bokovoe-pravoe\n
1643	Стекло лобовое\n	steklo-lobovoe\n
1644	Стекло люка\n	steklo-lyuka\n
1645	Стекло панорамной крыши\n	steklo-panoramnoy-kryshi\n
1646	Стекло фары левой\n	steklo-fary-levoy\n
1647	Стекло фары правой\n	steklo-fary-pravoy\n
1648	Стекло фары противотуманной левой\n	steklo-fary-protivotumannoy-levoy\n
1649	Стекло фары противотуманной правой\n	steklo-fary-protivotumannoy-pravoy\n
1650	Стекло фонаря заднего левого\n	steklo-fonarya-zadnego-levogo\n
1651	Стекло фонаря заднего правого\n	steklo-fonarya-zadnego-pravogo\n
1652	Стеклоочиститель фары левой\n	stekloochistitel-fary-levoy\n
1653	Стеклоочиститель фары правой\n	stekloochistitel-fary-pravoy\n
1654	Стеклоподъемник\n	steklopodemnik\n
1655	Стеклоподъемник задний левый\n	steklopodemnik-zadniy-levyy\n
1656	Стеклоподъемник задний правый\n	steklopodemnik-zadniy-pravyy\n
1657	Стеклоподъемник передний левый\n	steklopodemnik-peredniy-levyy\n
1658	Стеклоподъемник передний правый\n	steklopodemnik-peredniy-pravyy\n
1659	Стеклоподъемник электрический\n	steklopodemnik-elektricheskiy\n
1740	Трубка масляного щупа\n	trubka-maslyanogo-shchupa\n
1660	Стеклоподъемник электрический задний левый\n	steklopodemnik-elektricheskiy-zadniy-levyy\n
1661	Стеклоподъемник электрический задний правый\n	steklopodemnik-elektricheskiy-zadniy-pravyy\n
1662	Стеклоподъемник электрический передний левый\n	steklopodemnik-elektricheskiy-peredniy-levyy\n
1663	Стеклоподъемник электрический передний правый\n	steklopodemnik-elektricheskiy-peredniy-pravyy\n
1664	Стойка задняя\n	stoyka-zadnyaya\n
1665	Стойка кузовная передняя левая\n	stoyka-kuzovnaya-perednyaya-levaya\n
1666	Стойка кузовная передняя правая\n	stoyka-kuzovnaya-perednyaya-pravaya\n
1667	Стойка кузовная центральная левая\n	stoyka-kuzovnaya-tsentralnaya-levaya\n
1668	Стойка кузовная центральная правая\n	stoyka-kuzovnaya-tsentralnaya-pravaya\n
1669	Стойка передняя левая\n	stoyka-perednyaya-levaya\n
1670	Стойка передняя правая\n	stoyka-perednyaya-pravaya\n
1671	Стойка стабилизатора задняя\n	stoyka-stabilizatora-zadnyaya\n
1672	Стойка стабилизатора передняя\n	stoyka-stabilizatora-perednyaya\n
1673	Столик\n	stolik\n
1674	Стоп-сигнал\n	stop-signal\n
1675	Стопор кабины\n	stopor-kabiny\n
1676	Стремянка\n	stremyanka\n
1677	Ступица задняя\n	stupitsa-zadnyaya\n
1678	Ступица задняя левая\n	stupitsa-zadnyaya-levaya\n
1679	Ступица задняя правая\n	stupitsa-zadnyaya-pravaya\n
1680	Ступица передняя\n	stupitsa-perednyaya\n
1681	Ступица передняя левая\n	stupitsa-perednyaya-levaya\n
1682	Ступица передняя правая\n	stupitsa-perednyaya-pravaya\n
1683	Суппорт\n	support\n
1684	Суппорт задний левый\n	support-zadniy-levyy\n
1685	Суппорт задний правый\n	support-zadniy-pravyy\n
1686	Суппорт передний левый\n	support-peredniy-levyy\n
1687	Суппорт передний правый\n	support-peredniy-pravyy\n
1688	Тахограф\n	takhograf\n
1689	Тахометр\n	takhometr\n
1690	Телефон штатный\n	telefon-shtatnyy\n
1691	Тент\n	tent\n
1692	Тепловой экран глушителя\n	teplovoy-ekran-glushitelya\n
1693	Тепловой экран моторного отсека\n	teplovoy-ekran-motornogo-otseka\n
1694	Теплозащита кузова\n	teplozashchita-kuzova\n
1695	Теплообменник масляного фильтра\n	teploobmennik-maslyanogo-filtra\n
1696	Термограф\n	termograf\n
1697	Термос антифриза\n	termos-antifriza\n
1698	Термостат\n	termostat\n
1699	ТНВД\n	tnvd\n
1700	Толкатель клапана\n	tolkatel-klapana\n
1701	Топливная рампа\n	toplivnaya-rampa\n
1702	Топливный теплообменник (подогреватель топлива)\n	toplivnyy-teploobmennik-podogrevatel-topliva\n
1703	Топливозаборник\n	toplivozabornik\n
1704	Тормозные колодки\n	tormoznye-kolodki\n
1705	Тормозные колодки задние\n	tormoznye-kolodki-zadnie\n
1706	Тормозные колодки передние\n	tormoznye-kolodki-perednie\n
1707	Торсион кабины\n	torsion-kabiny\n
1708	Торсион крышки багажника\n	torsion-kryshki-bagazhnika\n
1709	Торсион подвески\n	torsion-podveski\n
1710	Траверса верхняя\n	traversa-verkhnyaya\n
1711	Траверса нижняя\n	traversa-nizhnyaya\n
1712	Трещетка тормозная\n	treshchetka-tormoznaya\n
1713	Трос газа\n	tros-gaza\n
1714	Трос двери\n	tros-dveri\n
1715	Трос двери задней\n	tros-dveri-zadney\n
1716	Трос двери передней\n	tros-dveri-peredney\n
1717	Трос капота\n	tros-kapota\n
1718	Трос кулисы КПП\n	tros-kulisy-kpp\n
1719	Трос люка\n	tros-lyuka\n
1720	Трос опережения зажигания (трос подсоса)\n	tros-operezheniya-zazhiganiya-tros-podsosa\n
1721	Трос открывания багажника\n	tros-otkryvaniya-bagazhnika\n
1722	Трос открывания лючка топливного бака\n	tros-otkryvaniya-lyuchka-toplivnogo-baka\n
1723	Трос отопителя (печки)\n	tros-otopitelya-pechki\n
1724	Трос раздаточной коробки\n	tros-razdatochnoy-korobki\n
1725	Трос ручника\n	tros-ruchnika\n
1726	Трос сиденья\n	tros-sidenya\n
1727	Трос спидометра\n	tros-spidometra\n
1728	Трос сцепления\n	tros-stsepleniya\n
1729	Труба интеркулера\n	truba-interkulera\n
1730	Труба перепускная\n	truba-perepusknaya\n
1731	Труба приемная глушителя\n	truba-priemnaya-glushitelya\n
1732	Трубка Dynamic Drive\n	trubka-dynamic-drive\n
1733	Трубка вакуумная\n	trubka-vakuumnaya\n
1734	Трубка вакуумного насоса\n	trubka-vakuumnogo-nasosa\n
1735	Трубка гидравлическая\n	trubka-gidravlicheskaya\n
1736	Трубка гидроусилителя\n	trubka-gidrousilitelya\n
1737	Трубка компрессора\n	trubka-kompressora\n
1738	Трубка кондиционера\n	trubka-konditsionera\n
1741	Трубка обратки форсунок\n	trubka-obratki-forsunok\n
1742	Трубка омывателя (шланг омывателя)\n	trubka-omyvatelya-shlang-omyvatelya\n
1743	Трубка охлаждающей жидкости металлическая\n	trubka-okhlazhdayushchey-zhidkosti-metallicheskaya\n
1744	Трубка охлаждающей жидкости пластиковая\n	trubka-okhlazhdayushchey-zhidkosti-plastikovaya\n
1745	Трубка пневмоподвески\n	trubka-pnevmopodveski\n
1746	Трубка сажевого фильтра\n	trubka-sazhevogo-filtra\n
1747	Трубка системы рециркуляции EGR\n	trubka-sistemy-retsirkulyatsii-egr\n
1748	Трубка сцепления\n	trubka-stsepleniya\n
1749	Трубка ТНВД\n	trubka-tnvd\n
1750	Трубка топливная\n	trubka-toplivnaya\n
1751	Трубка тормозная\n	trubka-tormoznaya\n
1752	Трубка турбины\n	trubka-turbiny\n
1753	Трубки автономного отопителя\n	trubki-avtonomnogo-otopitelya\n
1754	Турбина\n	turbina\n
1755	Тяга\n	tyaga\n
1756	Тяга датчика положения кузова\n	tyaga-datchika-polozheniya-kuzova\n
1757	Тяга кулисы КПП\n	tyaga-kulisy-kpp\n
1758	Тяга открывания двери\n	tyaga-otkryvaniya-dveri\n
1759	Тяга привода заслонки дроссельной\n	tyaga-privoda-zaslonki-drosselnoy\n
1760	Тяга развальная\n	tyaga-razvalnaya\n
1761	Тяга реактивная\n	tyaga-reaktivnaya\n
1762	Тяга рулевая\n	tyaga-rulevaya\n
1763	Тяга ручника\n	tyaga-ruchnika\n
1764	Узел педальный (блок педалей)\n	uzel-pedalnyy-blok-pedaley\n
1765	Уплотнитель\n	uplotnitel\n
1766	Уплотнитель багажника\n	uplotnitel-bagazhnika\n
1767	Уплотнитель двери задней левой\n	uplotnitel-dveri-zadney-levoy\n
1768	Уплотнитель двери задней правой\n	uplotnitel-dveri-zadney-pravoy\n
1769	Уплотнитель двери передней левой\n	uplotnitel-dveri-peredney-levoy\n
1770	Уплотнитель двери передней правой\n	uplotnitel-dveri-peredney-pravoy\n
1771	Уплотнитель двери сдвижной\n	uplotnitel-dveri-sdvizhnoy\n
1772	Уплотнитель капота\n	uplotnitel-kapota\n
1773	Уплотнитель люка\n	uplotnitel-lyuka\n
1774	Уплотнитель стекла лобового\n	uplotnitel-stekla-lobovogo\n
1775	Упор противооткатный\n	upor-protivootkatnyy\n
1776	Ус под фару\n	us-pod-faru\n
1777	Ус под фару левый\n	us-pod-faru-levyy\n
1778	Ус под фару правый\n	us-pod-faru-pravyy\n
1779	Ус под фонарь\n	us-pod-fonar\n
1780	Ус под фонарь левый\n	us-pod-fonar-levyy\n
1781	Ус под фонарь правый\n	us-pod-fonar-pravyy\n
1782	Усилитель антенны\n	usilitel-antenny\n
1783	Усилитель бампера\n	usilitel-bampera\n
1784	Усилитель бампера заднего\n	usilitel-bampera-zadnego\n
1785	Усилитель бампера переднего\n	usilitel-bampera-perednego\n
1786	Усилитель музыкальный\n	usilitel-muzykalnyy\n
1787	Усилитель порога\n	usilitel-poroga\n
1788	Усилитель торпедо\n	usilitel-torpedo\n
1789	Успокоитель масляный\n	uspokoitel-maslyanyy\n
1790	Успокоитель ремня ГРМ\n	uspokoitel-remnya-grm\n
1791	Успокоитель цепи ГРМ\n	uspokoitel-tsepi-grm\n
1792	Фазорегулятор\n	fazoregulyator\n
1793	Фара дополнительная (прожектор)\n	fara-dopolnitelnaya-prozhektor\n
1794	Фара левая\n	fara-levaya\n
1795	Фара передняя (комплект)\n	fary-perednie-komplekt\n
1796	Фара правая\n	fara-pravaya\n
1797	Фара противотуманная (комплект)\n	fary-protivotumannye-komplekt\n
1798	Фара противотуманная левая\n	fara-protivotumannaya-levaya\n
1799	Фара противотуманная правая\n	fara-protivotumannaya-pravaya\n
1800	Фильтр АКПП\n	filtr-akpp\n
1801	Фильтр воздушный\n	filtr-vozdushnyy\n
1802	Фильтр масляный\n	filtr-maslyanyy\n
1803	Фильтр подъема топлива\n	filtr-podema-topliva\n
1804	Фильтр сажевый\n	filtr-sazhevyy\n
1805	Фильтр салонный\n	filtr-salonnyy\n
1806	Фильтр топливный\n	filtr-toplivnyy\n
1807	Флажок кулисы КПП\n	flazhok-kulisy-kpp\n
1808	Фланец\n	flanets\n
1809	Фланец (тройник) системы охлаждения\n	flanets-troynik-sistemy-okhlazhdeniya\n
1810	Фланец КПП\n	flanets-kpp\n
1811	Фланец ступицы задней\n	flanets-stupici-zadney\n
1812	Фланец турбины\n	flanets-turbiny\n
1813	Фонарик штатный\n	fonarik-shtatnyy\n
1814	Фонарь габаритный\n	fonar-gabaritnyy\n
1815	Фонарь габаритный задний левый\n	fonar-gabaritnyy-zadniy-levyy\n
1816	Фонарь габаритный задний правый\n	fonar-gabaritnyy-zadniy-pravyy\n
1817	Фонарь габаритный передний левый\n	fonar-gabaritnyy-peredniy-levyy\n
1818	Фонарь габаритный передний правый\n	fonar-gabaritnyy-peredniy-pravyy\n
1820	Фонарь задний (комплект)\n	fonari-zadnie-komplekt\n
1821	Фонарь задний левый\n	fonar-zadniy-levyy\n
1822	Фонарь задний правый\n	fonar-zadniy-pravyy\n
1823	Фонарь крышки багажника левый\n	fonar-kryshki-bagazhnika-levyy\n
1824	Фонарь крышки багажника правый\n	fonar-kryshki-bagazhnika-pravyy\n
1825	Фонарь освещения багажника\n	fonar-osveshcheniya-bagazhnika\n
1826	Фонарь противотуманный левый\n	fonar-protivotumannyy-levyy\n
1827	Фонарь противотуманный правый\n	fonar-protivotumannyy-pravyy\n
1828	Фонарь противотуманный центральный\n	fonar-protivotumannyy-tsentralnyy\n
1829	Фонарь салона (плафон)\n	fonar-salona-plafon\n
1830	Форкамера\n	forkamera\n
1831	Форсунка\n	forsunka\n
1832	Форсунка Adblue\n	forsunka-adblue\n
1833	Форсунка газовая\n	forsunka-gazovaya\n
1834	Форсунка омывателя\n	forsunka-omyvatelya\n
1835	Форсунка омывателя заднего стекла\n	forsunka-omyvatelya-zadnego-stekla\n
1836	Форсунка омывателя фар\n	forsunka-omyvatelya-far\n
1837	Форсунка управляющая\n	forsunka-upravlyayushchaya\n
1838	Форточка задняя левая\n	fortochka-zadnyaya-levaya\n
1839	Форточка задняя правая\n	fortochka-zadnyaya-pravaya\n
1840	Форточка передняя левая\n	fortochka-perednyaya-levaya\n
1841	Форточка передняя правая\n	fortochka-perednyaya-pravaya\n
1842	Хагер\n	khager\n
1843	Хвостовик (фланец) заднего моста\n	khvostovik-flanets-zadnego-mosta\n
1844	Хвостовик (фланец) переднего моста\n	khvostovik-flanets-perednego-mosta\n
1845	Хвостовик КПП\n	khvostovik-kpp\n
1846	Холодильная установка\n	kholodilnaya-ustanovka\n
1847	Хомут глушителя\n	khomut-glushitelya\n
1848	Хомут металлический\n	khomut-metallicheskiy\n
1849	Цанга\n	tsanga\n
1850	Цапфа задняя (ось ступицы)\n	tsapfa-zadnyaya-os-stupitsy\n
1851	Цапфа передняя левая\n	tsapfa-perednyaya-levaya\n
1852	Цапфа передняя правая\n	tsapfa-perednyaya-pravaya\n
1853	Центрифуга\n	tsentrifuga\n
1854	Цепь\n	tsep\n
1855	Цепь вариатора\n	tsep-variatora\n
1856	Цепь ГРМ\n	tsep-grm\n
1857	Цилиндр подъёма кабины\n	tsilindr-podyema-kabiny\n
1858	Цилиндр рулевого управления\n	tsilindr-rulevogo-upravleniya\n
1859	Цилиндр сцепления главный\n	tsilindr-stsepleniya-glavnyy\n
1860	Цилиндр сцепления рабочий\n	tsilindr-stsepleniya-rabochiy\n
1861	Цилиндр тормозной главный\n	tsilindr-tormoznoy-glavnyy\n
1862	Цилиндр тормозной рабочий\n	tsilindr-tormoznoy-rabochiy\n
1863	Часть кузова (вырезанный элемент)\n	chast-kuzova-vyrezannyy-element\n
1864	Часы\n	chasy\n
1865	Четверть задняя левая\n	chetvert-zadnyaya-levaya\n
1866	Четверть задняя правая\n	chetvert-zadnyaya-pravaya\n
1867	Четверть передняя левая\n	chetvert-perednyaya-levaya\n
1868	Четверть передняя правая\n	chetvert-perednyaya-pravaya\n
1869	Чехлы для сидений\n	chekhly-dlya-sideniy\n
1870	Чехол запаски\n	chekhol-zapaski\n
1871	Чехол рычага КПП\n	chekhol-rychaga-kpp\n
1872	Чехол рычага ручного тормоза (ручника)\n	chekhol-rychaga-ruchnogo-tormoza-ruchnika\n
1873	Чехол-сумка зарядного устройства\n	chekhol-sumka-zaryadnogo-ustroystva\n
1874	Чулок (картер) заднего моста\n	chulok-karter-zadnego-mosta\n
1875	Чулок (картер) переднего моста\n	chulok-karter-perednego-mosta\n
1876	Шайба\n	shayba\n
1877	Шайба стопорная\n	shayba-stopornaya\n
1878	Шайба ступицы\n	shayba-stupitsy\n
1879	Шаровая опора\n	sharovaya-opora\n
1880	Шатун\n	shatun\n
1881	Шестерня\n	shesternya\n
1882	Шестерня ГРМ\n	shesternya-grm\n
1883	Шестерня коленвала\n	shesternya-kolenvala\n
1884	Шестерня КПП\n	shesternya-kpp\n
1885	Шестерня распредвала\n	shesternya-raspredvala\n
1886	Шестерня спидометра\n	shesternya-spidometra\n
1887	Шкворень\n	shkvoren\n
1888	Шкив\n	shkiv\n
1889	Шкив вискомуфты\n	shkiv-viskomufty\n
1890	Шкив генератора\n	shkiv-generatora\n
1891	Шкив коленвала\n	shkiv-kolenvala\n
1892	Шкив насоса гидроусилителя\n	shkiv-nasosa-gidrousilitelya\n
1893	Шкив помпы\n	shkiv-pompy\n
1894	Шкив промежуточного вала\n	shkiv-promezhutochnogo-vala\n
1895	Шкив распредвала\n	shkiv-raspredvala\n
1896	Шкив ТНВД\n	shkiv-tnvd\n
1897	Шланг (трубка) АКПП\n	shlang-trubka-akpp\n
1898	Шланг гидроусилителя\n	shlang-gidrousilitelya\n
1899	Шланг гидроусилителя высокого давления\n	shlang-gidrousilitelya-vysokogo-davleniya\n
1900	Шланг гидроусилителя низкого давления\n	shlang-gidrousilitelya-nizkogo-davleniya\n
1901	Шланг масляного радиатора высокого давления\n	shlang-maslyanogo-radiatora-vysokogo-davleniya\n
1902	Шланг перекидной\n	shlang-perekidnoy\n
1903	Шланг тормозной\n	shlang-tormoznoy\n
1904	Шлейф руля\n	shleyf-rulya\n
1905	ШРУС внутренний\n	shrus-vnutrenniy\n
1906	ШРУС карданного вала\n	shrus-kardannogo-vala\n
1907	ШРУС наружный\n	shrus-naruzhnyy\n
1908	Штанга толкателя\n	shtanga-tolkatelya\n
1909	Шток (палец) заднего гидроцилиндра\n	shtok-palets-zadnego-gidrotsilindra\n
1910	Шторка багажника\n	shtorka-bagazhnika\n
1911	Шторка двери\n	shtorka-dveri\n
1912	Шторка заднего стекла\n	shtorka-zadnego-stekla\n
1913	Шторка кабины\n	shtorka-kabiny\n
1914	Шторка крыши\n	shtorka-kryshi\n
1915	Шторка люка\n	shtorka-lyuka\n
1916	Шторка радиатора\n	shtorka-radiatora\n
1917	Шторки салонные (комплект)\n	shtorki-salonnye-komplekt\n
1918	Штуцер\n	shtutser\n
1919	Шумоизоляция двери задней левой\n	shumoizolyatsiya-dveri-zadney-levoy\n
1920	Шумоизоляция двери задней правой\n	shumoizolyatsiya-dveri-zadney-pravoy\n
1921	Шумоизоляция двери передней левой\n	shumoizolyatsiya-dveri-peredney-levoy\n
1922	Шумоизоляция двери передней правой\n	shumoizolyatsiya-dveri-peredney-pravoy\n
1923	Шумоизоляция двигателя\n	shumoizolyatsiya-dvigatelya\n
1924	Шумоизоляция капота\n	shumoizolyatsiya-kapota\n
1925	Шумоизоляция колесных арок\n	shumoizolyatsiya-kolesnykh-arok\n
1926	Шумоизоляция КПП\n	shumoizolyatsiya-kpp\n
1927	Шумоизоляция моторного отсека\n	shumoizolyatsiya-motornogo-otseka\n
1928	Щетки стеклоочистителя\n	shchetki-stekloochistitelya\n
1929	Щеткодержатель (поводок стеклоочистителя, дворник)\n	shchetkoderzhatel-povodok-stekloochistitelya-dvornik\n
1930	Щеткодержатель задний\n	shchetkoderzhatel-zadniy\n
1931	Щиток приборов (приборная панель)\n	shchitok-priborov-pribornaya-panel\n
1932	Щуп двигателя\n	shchup-dvigatelya\n
1933	Щуп КПП\n	shchup-kpp\n
1934	Эксцентриковый вал\n	ekstsentrikovyy-val\n
1935	Электрический отопитель салона\n	elektricheskiy-otopitel-salona\n
1936	Электрический радиатор отопителя (тэн)\n	elektricheskiy-radiator-otopitelya-ten\n
1937	Электрический усилитель тормозов\n	elektricheskiy-usilitel-tormozov\n
1938	Электрогидроусилитель руля\n	elektrogidrousilitel-rulya\n
1939	Электродвигатель гибрида\n	elektrodvigatel-gibrida\n
1940	Электромотор раздаточной коробки\n	elektromotor-razdatochnoy-korobki\n
1941	Электронная плата АКПП\n	elektronnaya-plata-akpp\n
1942	Электропривод\n	elektroprivod\n
1943	Электропривод багажника\n	elektroprivod-bagazhnika\n
1944	Электропривод двери задней левой\n	elektroprivod-dveri-zadney-levoy\n
1945	Электропривод двери задней правой\n	elektroprivod-dveri-zadney-pravoy\n
1946	Электропривод двери передней левой\n	elektroprivod-dveri-peredney-levoy\n
1947	Электропривод двери передней правой\n	elektroprivod-dveri-peredney-pravoy\n
1948	Электропривод двери сдвижной\n	elektroprivod-dveri-sdvizhnoy\n
1949	Электропривод замка капота\n	elektroprivod-zamka-kapota\n
1950	Электропривод запирания лючка топливного бака\n	elektroprivod-zapiraniya-lyuchka-toplivnogo-baka\n
1951	Электропривод форточки задней левой\n	elektroprivod-fortochki-zadney-levoy\n
1952	Электропривод форточки задней правой\n	elektroprivod-fortochki-zadney-pravoy\n
1953	Электроручник\n	elektroruchnik\n
1954	Электроусилитель руля\n	elektrousilitel-rulya\n
1955	Эмблема\n	emblema\n
1956	Энергоаккумулятор\n	energoakkumulyator\n
1957	Юбка бампера заднего\n	yubka-bampera-zadnego\n
1958	Юбка бампера нижняя\n	yubka-bampera-nizhnyaya\n
1959	Юбка бампера переднего\n	yubka-bampera-perednego\n
1960	Ящик для инструментов\n	yashchik-dlya-instrumentov\n
\.


--
-- Data for Name: mainapp_partcard; Type: TABLE DATA; Schema: public; Owner: admin
--

COPY public.mainapp_partcard (id, description, car_year, fuel, volume, body_type, article, published_date, price, car_id, category_id) FROM stdin;
0	1.9 л, дизель, Из Европы гарантия	1998				44297987	2023-03-23 00:50:43.145797+03	140	1915	402
1	2.2 л, бензин, Из Европы гарантия	2002				44908289	2023-03-23 00:50:43.185926+03	112	1472	668
2	2.0 л, дизель, Из Европы гарантия	2000				75491396	2023-03-23 00:50:43.201979+03	70	1463	402
3	1.9 л, дизель, Из Европы гарантия	1995				75481755	2023-03-23 00:50:43.218957+03	84	1904	402
4	1.9 л, дизель, Из Европы гарантия	1995				75491764	2023-03-23 00:50:43.234381+03	84	1904	402
5	Из Европы гарантия левый	2001				75491061	2023-03-23 00:50:43.252142+03	112	1105	1929
6	Из Европы гарантия правый	2001				106733346	2023-03-23 00:50:43.263096+03	42	1105	1929
7	Из Европы гарантия 5 пин	1998				31265837	2023-03-23 00:50:43.269924+03	84	1588	532
8	Из Европы гарантия состояние на фота	1998				44908090	2023-03-23 00:50:43.285154+03	42	556	189
9	Из Европы гарантия	2002				44908260	2023-03-23 00:50:43.304792+03	84	360	1617
10	Из Европы гарантия	2002				31265642	2023-03-23 00:50:43.319083+03	140	1338	1047
11	Из Европы гарантия	2002				44297758	2023-03-23 00:50:43.331386+03	56	1552	1798
12	Из Европы гарантия	2002				44297844	2023-03-23 00:50:43.343398+03	56	1552	1799
13	Из Европы гарантия	2002				44297534	2023-03-23 00:50:43.353785+03	84	1338	1798
14	Из Европы гарантия	1995				44297219	2023-03-23 00:50:43.365115+03	112	1904	1223
15	Из Европы гарантия	1999				106715676	2023-03-23 00:50:43.375469+03	42	1540	1617
16	Из Европы гарантия	2003				43598611	2023-03-23 00:50:43.386135+03	42	1438	1242
17	Из Европы гарантия	2003				75481352	2023-03-23 00:50:43.396365+03	126	1438	450
18	Из Европы гарантия	1995				44908015	2023-03-23 00:50:43.412071+03	42	1904	1557
19	Из Европы гарантия	1995				44908311	2023-03-23 00:50:43.422597+03	42	1904	1556
20	Из Европы гарантия состояние как на фота	2004				31265744	2023-03-23 01:05:23.299702+03	112	1105	1625
21	Из Европы гарантия состояние как на фота	1999				44297296	2023-03-23 01:05:23.356328+03	308	1788	57
22	2.1 л, дизель, Из Европы гарантия состояние на фота	1999				43598161	2023-03-23 01:05:23.380904+03	896	1473	58
23	хэтчбек, Из Европы гарантия состояние на фота	1996				75481565	2023-03-23 01:05:23.406332+03	364	652	1230
24	Из Европы гарантия состояние на фота	2003				75481964	2023-03-23 01:05:23.429549+03	364	1338	1230
25	Из Европы гарантия состояние на фота	2002				75491891	2023-03-23 01:05:23.456142+03	392	1338	1230
26	Из Европы гарантия	2002				75481558	2023-03-23 01:05:23.485173+03	70	1338	1785
27	2.2 л, дизель, Из Европы гарантия состояние как на фота	2002				75481104	2023-03-23 01:05:23.499947+03	28	1338	1736
28	2.2 л, дизель, Из Европы гарантия	2002				44908509	2023-03-23 01:05:23.517098+03	42	1338	1738
29	2.2 л, дизель, Из Европы гарантия	2002				75481957	2023-03-23 01:05:23.526965+03	28	1338	488
30	2.2 л, дизель, Из Европы гарантия	2002				75491261	2023-03-23 01:05:23.537927+03	42	1338	1218
31	2.2 л, дизель, Из Европы гарантия	2002				106806356	2023-03-23 01:05:23.547642+03	28	1338	392
32	2.2 л, дизель, Из Европы гарантия в сборе состояние как на фота	2002				75481705	2023-03-23 01:05:23.554998+03	168	1338	1436
33	2.2 л, бензин, Из Европы гарантия в сборе	2002				16694539	2023-03-23 01:05:23.573533+03	168	1472	454
34	2.2 л, бензин, Из Европы гарантия	2002				44908883	2023-03-23 01:05:23.591144+03	98	1472	1442
35	2.0 л, дизель, Из Европы гарантия	2002				44908261	2023-03-23 01:05:23.609388+03	98	360	1436
36	2.0 л, дизель, Из Европы гарантия	2002				75481662	2023-03-23 01:05:23.623813+03	168	360	454
37	2.0 л, дизель, Из Европы гарантия	2002				44908620	2023-03-23 01:05:23.641043+03	70	360	1442
38	Из Европы гарантия	2002				43598841	2023-03-23 01:05:23.655198+03	70	1472	1736
39	Из Европы гарантия	2002				44908136	2023-03-23 01:05:23.668573+03	28	1472	488
\.


--
-- Data for Name: mainapp_photo; Type: TABLE DATA; Schema: public; Owner: admin
--

COPY public.mainapp_photo (id, image, part_card_id) FROM stdin;
73	photo/image_18_1.jpg	18
27	photo/image_0_0_p1PYMKH.jpg	0
51	photo/image_8_2.jpg	8
28	photo/image_0_1_QmuN31L.jpg	0
156	photo/image_7_2_SkDp2ca.jpg	27
124	photo/image_1_1_vzUHD7L.jpg	21
52	photo/image_8_3.jpg	8
29	photo/image_0_2_GtBjPIf.jpg	0
74	photo/image_19_0.jpg	19
53	photo/image_9_0.jpg	9
30	photo/image_1_0_cNPOdma.jpg	1
152	photo/image_6_1.jpg	26
137	photo/image_3_3.jpg	23
54	photo/image_9_1.jpg	9
31	photo/image_1_1_rQ8kVDt.jpg	1
125	photo/image_1_2_KXoUnda.jpg	21
55	photo/image_10_0.jpg	10
32	photo/image_1_2_kTD7CC5.jpg	1
146	photo/image_5_1_SdiXcAM.jpg	25
56	photo/image_10_1.jpg	10
33	photo/image_2_0_5fEh1DU.jpg	2
126	photo/image_1_3_SpZoHGk.jpg	21
57	photo/image_11_0.jpg	11
34	photo/image_2_1_hjN1bdC.jpg	2
58	photo/image_11_1.jpg	11
35	photo/image_2_2_MrCbq8t.jpg	2
138	photo/image_3_4.jpg	23
127	photo/image_1_4_t1M08kT.jpg	21
59	photo/image_12_0.jpg	12
36	photo/image_3_0_lf1xWuM.jpg	3
60	photo/image_12_1.jpg	12
37	photo/image_3_1_9tRSVqs.jpg	3
38	photo/image_3_2_cQutUnv.jpg	3
61	photo/image_13_0.jpg	13
39	photo/image_4_0_LGsis1z.jpg	4
128	photo/image_2_0_nIB83wF.jpg	22
40	photo/image_4_1_w6Ko7kt.jpg	4
62	photo/image_13_1.jpg	13
41	photo/image_4_2_RGSopvp.jpg	4
42	photo/image_4_3_We7NoW6.jpg	4
63	photo/image_14_0.jpg	14
43	photo/image_5_0_dqW5klg.jpg	5
44	photo/image_5_1_CQYBJ6D.jpg	5
64	photo/image_14_1.jpg	14
45	photo/image_6_0.jpg	6
46	photo/image_7_0.jpg	7
65	photo/image_15_0.jpg	15
47	photo/image_7_1.jpg	7
139	photo/image_4_0_Yn9jF8E.jpg	24
48	photo/image_7_2.jpg	7
66	photo/image_15_1.jpg	15
49	photo/image_8_0.jpg	8
129	photo/image_2_1_RVSRKMd.jpg	22
50	photo/image_8_1.jpg	8
67	photo/image_16_0.jpg	16
68	photo/image_16_1.jpg	16
69	photo/image_17_0.jpg	17
70	photo/image_17_1.jpg	17
147	photo/image_5_2.jpg	25
71	photo/image_17_2.jpg	17
72	photo/image_18_0.jpg	18
130	photo/image_2_2_Sk8VsIb.jpg	22
140	photo/image_4_1_GTnfdGh.jpg	24
131	photo/image_2_3_U7nuQXy.jpg	22
120	photo/image_0_0_q27zVkq.jpg	20
159	photo/image_9_0_SwZrrZ9.jpg	29
132	photo/image_2_4_zodbMSt.jpg	22
121	photo/image_0_1_uTsUbkr.jpg	20
153	photo/image_6_2.jpg	26
122	photo/image_0_2_nf4avt3.jpg	20
141	photo/image_4_2_WigF5WS.jpg	24
133	photo/image_2_5_o06tZln.jpg	22
123	photo/image_1_0_jlO8MaF.jpg	21
148	photo/image_5_3.jpg	25
134	photo/image_3_0_UNiYkk8.jpg	23
142	photo/image_4_3_Onh9Iel.jpg	24
135	photo/image_3_1_hCNjEcJ.jpg	23
136	photo/image_3_2_c2nS2ir.jpg	23
143	photo/image_4_4.jpg	24
149	photo/image_5_4.jpg	25
144	photo/image_4_5.jpg	24
157	photo/image_8_0_mtDdrtx.jpg	28
154	photo/image_7_0_RDCLoyj.jpg	27
145	photo/image_5_0_qaTPUYP.jpg	25
150	photo/image_5_5.jpg	25
151	photo/image_6_0_X40rYJx.jpg	26
161	photo/image_10_0_fxPZLhV.jpg	30
155	photo/image_7_1_DX2k3OL.jpg	27
158	photo/image_8_1_OSvaaty.jpg	28
160	photo/image_9_1_TeKqXsd.jpg	29
164	photo/image_12_0_OEP0jhp.jpg	32
165	photo/image_12_1_I6nYFYf.jpg	32
163	photo/image_11_0_c0yxmyQ.jpg	31
162	photo/image_10_1_ercOzHv.jpg	30
166	photo/image_12_2.jpg	32
167	photo/image_12_3.jpg	32
168	photo/image_13_0_F2DDY15.jpg	33
169	photo/image_13_1_FNJPH8x.jpg	33
170	photo/image_13_2.jpg	33
171	photo/image_13_3.jpg	33
172	photo/image_14_0_8C62YzN.jpg	34
173	photo/image_14_1_h1wRg1H.jpg	34
174	photo/image_14_2.jpg	34
175	photo/image_14_3.jpg	34
176	photo/image_15_0_BTOYr9c.jpg	35
177	photo/image_15_1_06zR9DY.jpg	35
178	photo/image_15_2.jpg	35
179	photo/image_16_0_9jX6kSH.jpg	36
180	photo/image_16_1_MjhV830.jpg	36
181	photo/image_16_2.jpg	36
182	photo/image_16_3.jpg	36
183	photo/image_17_0_WzIZr8Z.jpg	37
184	photo/image_17_1_9KVIHDI.jpg	37
185	photo/image_17_2_JJXN6DU.jpg	37
186	photo/image_18_0_NSPHsST.jpg	38
187	photo/image_18_1_ZLXASEl.jpg	38
188	photo/image_18_2.jpg	38
189	photo/image_19_0_VTLg5zj.jpg	39
190	photo/image_19_1.jpg	39
\.


--
-- Name: auth_group_id_seq; Type: SEQUENCE SET; Schema: public; Owner: admin
--

SELECT pg_catalog.setval('public.auth_group_id_seq', 1, false);


--
-- Name: auth_group_permissions_id_seq; Type: SEQUENCE SET; Schema: public; Owner: admin
--

SELECT pg_catalog.setval('public.auth_group_permissions_id_seq', 1, false);


--
-- Name: auth_permission_id_seq; Type: SEQUENCE SET; Schema: public; Owner: admin
--

SELECT pg_catalog.setval('public.auth_permission_id_seq', 40, true);


--
-- Name: auth_user_groups_id_seq; Type: SEQUENCE SET; Schema: public; Owner: admin
--

SELECT pg_catalog.setval('public.auth_user_groups_id_seq', 1, false);


--
-- Name: auth_user_id_seq; Type: SEQUENCE SET; Schema: public; Owner: admin
--

SELECT pg_catalog.setval('public.auth_user_id_seq', 1, true);


--
-- Name: auth_user_user_permissions_id_seq; Type: SEQUENCE SET; Schema: public; Owner: admin
--

SELECT pg_catalog.setval('public.auth_user_user_permissions_id_seq', 1, false);


--
-- Name: django_admin_log_id_seq; Type: SEQUENCE SET; Schema: public; Owner: admin
--

SELECT pg_catalog.setval('public.django_admin_log_id_seq', 7, true);


--
-- Name: django_content_type_id_seq; Type: SEQUENCE SET; Schema: public; Owner: admin
--

SELECT pg_catalog.setval('public.django_content_type_id_seq', 10, true);


--
-- Name: django_migrations_id_seq; Type: SEQUENCE SET; Schema: public; Owner: admin
--

SELECT pg_catalog.setval('public.django_migrations_id_seq', 20, true);


--
-- Name: mainapp_cars_id_seq; Type: SEQUENCE SET; Schema: public; Owner: admin
--

SELECT pg_catalog.setval('public.mainapp_cars_id_seq', 1, false);


--
-- Name: mainapp_category_id_seq; Type: SEQUENCE SET; Schema: public; Owner: admin
--

SELECT pg_catalog.setval('public.mainapp_category_id_seq', 1, false);


--
-- Name: mainapp_partcard_id_seq; Type: SEQUENCE SET; Schema: public; Owner: admin
--

SELECT pg_catalog.setval('public.mainapp_partcard_id_seq', 1, true);


--
-- Name: mainapp_photo_id_seq; Type: SEQUENCE SET; Schema: public; Owner: admin
--

SELECT pg_catalog.setval('public.mainapp_photo_id_seq', 190, true);


--
-- Name: auth_group auth_group_name_key; Type: CONSTRAINT; Schema: public; Owner: admin
--

ALTER TABLE ONLY public.auth_group
    ADD CONSTRAINT auth_group_name_key UNIQUE (name);


--
-- Name: auth_group_permissions auth_group_permissions_group_id_permission_id_0cd325b0_uniq; Type: CONSTRAINT; Schema: public; Owner: admin
--

ALTER TABLE ONLY public.auth_group_permissions
    ADD CONSTRAINT auth_group_permissions_group_id_permission_id_0cd325b0_uniq UNIQUE (group_id, permission_id);


--
-- Name: auth_group_permissions auth_group_permissions_pkey; Type: CONSTRAINT; Schema: public; Owner: admin
--

ALTER TABLE ONLY public.auth_group_permissions
    ADD CONSTRAINT auth_group_permissions_pkey PRIMARY KEY (id);


--
-- Name: auth_group auth_group_pkey; Type: CONSTRAINT; Schema: public; Owner: admin
--

ALTER TABLE ONLY public.auth_group
    ADD CONSTRAINT auth_group_pkey PRIMARY KEY (id);


--
-- Name: auth_permission auth_permission_content_type_id_codename_01ab375a_uniq; Type: CONSTRAINT; Schema: public; Owner: admin
--

ALTER TABLE ONLY public.auth_permission
    ADD CONSTRAINT auth_permission_content_type_id_codename_01ab375a_uniq UNIQUE (content_type_id, codename);


--
-- Name: auth_permission auth_permission_pkey; Type: CONSTRAINT; Schema: public; Owner: admin
--

ALTER TABLE ONLY public.auth_permission
    ADD CONSTRAINT auth_permission_pkey PRIMARY KEY (id);


--
-- Name: auth_user_groups auth_user_groups_pkey; Type: CONSTRAINT; Schema: public; Owner: admin
--

ALTER TABLE ONLY public.auth_user_groups
    ADD CONSTRAINT auth_user_groups_pkey PRIMARY KEY (id);


--
-- Name: auth_user_groups auth_user_groups_user_id_group_id_94350c0c_uniq; Type: CONSTRAINT; Schema: public; Owner: admin
--

ALTER TABLE ONLY public.auth_user_groups
    ADD CONSTRAINT auth_user_groups_user_id_group_id_94350c0c_uniq UNIQUE (user_id, group_id);


--
-- Name: auth_user auth_user_pkey; Type: CONSTRAINT; Schema: public; Owner: admin
--

ALTER TABLE ONLY public.auth_user
    ADD CONSTRAINT auth_user_pkey PRIMARY KEY (id);


--
-- Name: auth_user_user_permissions auth_user_user_permissions_pkey; Type: CONSTRAINT; Schema: public; Owner: admin
--

ALTER TABLE ONLY public.auth_user_user_permissions
    ADD CONSTRAINT auth_user_user_permissions_pkey PRIMARY KEY (id);


--
-- Name: auth_user_user_permissions auth_user_user_permissions_user_id_permission_id_14a6b632_uniq; Type: CONSTRAINT; Schema: public; Owner: admin
--

ALTER TABLE ONLY public.auth_user_user_permissions
    ADD CONSTRAINT auth_user_user_permissions_user_id_permission_id_14a6b632_uniq UNIQUE (user_id, permission_id);


--
-- Name: auth_user auth_user_username_key; Type: CONSTRAINT; Schema: public; Owner: admin
--

ALTER TABLE ONLY public.auth_user
    ADD CONSTRAINT auth_user_username_key UNIQUE (username);


--
-- Name: django_admin_log django_admin_log_pkey; Type: CONSTRAINT; Schema: public; Owner: admin
--

ALTER TABLE ONLY public.django_admin_log
    ADD CONSTRAINT django_admin_log_pkey PRIMARY KEY (id);


--
-- Name: django_content_type django_content_type_app_label_model_76bd3d3b_uniq; Type: CONSTRAINT; Schema: public; Owner: admin
--

ALTER TABLE ONLY public.django_content_type
    ADD CONSTRAINT django_content_type_app_label_model_76bd3d3b_uniq UNIQUE (app_label, model);


--
-- Name: django_content_type django_content_type_pkey; Type: CONSTRAINT; Schema: public; Owner: admin
--

ALTER TABLE ONLY public.django_content_type
    ADD CONSTRAINT django_content_type_pkey PRIMARY KEY (id);


--
-- Name: django_migrations django_migrations_pkey; Type: CONSTRAINT; Schema: public; Owner: admin
--

ALTER TABLE ONLY public.django_migrations
    ADD CONSTRAINT django_migrations_pkey PRIMARY KEY (id);


--
-- Name: django_session django_session_pkey; Type: CONSTRAINT; Schema: public; Owner: admin
--

ALTER TABLE ONLY public.django_session
    ADD CONSTRAINT django_session_pkey PRIMARY KEY (session_key);


--
-- Name: mainapp_cars mainapp_cars_pkey; Type: CONSTRAINT; Schema: public; Owner: admin
--

ALTER TABLE ONLY public.mainapp_cars
    ADD CONSTRAINT mainapp_cars_pkey PRIMARY KEY (id);


--
-- Name: mainapp_cars mainapp_cars_url_key; Type: CONSTRAINT; Schema: public; Owner: admin
--

ALTER TABLE ONLY public.mainapp_cars
    ADD CONSTRAINT mainapp_cars_url_key UNIQUE (url);


--
-- Name: mainapp_category mainapp_category_pkey; Type: CONSTRAINT; Schema: public; Owner: admin
--

ALTER TABLE ONLY public.mainapp_category
    ADD CONSTRAINT mainapp_category_pkey PRIMARY KEY (id);


--
-- Name: mainapp_category mainapp_category_url_key; Type: CONSTRAINT; Schema: public; Owner: admin
--

ALTER TABLE ONLY public.mainapp_category
    ADD CONSTRAINT mainapp_category_url_key UNIQUE (url);


--
-- Name: mainapp_partcard mainapp_partcard_article_key; Type: CONSTRAINT; Schema: public; Owner: admin
--

ALTER TABLE ONLY public.mainapp_partcard
    ADD CONSTRAINT mainapp_partcard_article_key UNIQUE (article);


--
-- Name: mainapp_partcard mainapp_partcard_pkey; Type: CONSTRAINT; Schema: public; Owner: admin
--

ALTER TABLE ONLY public.mainapp_partcard
    ADD CONSTRAINT mainapp_partcard_pkey PRIMARY KEY (id);


--
-- Name: mainapp_photo mainapp_photo_pkey; Type: CONSTRAINT; Schema: public; Owner: admin
--

ALTER TABLE ONLY public.mainapp_photo
    ADD CONSTRAINT mainapp_photo_pkey PRIMARY KEY (id);


--
-- Name: auth_group_name_a6ea08ec_like; Type: INDEX; Schema: public; Owner: admin
--

CREATE INDEX auth_group_name_a6ea08ec_like ON public.auth_group USING btree (name varchar_pattern_ops);


--
-- Name: auth_group_permissions_group_id_b120cbf9; Type: INDEX; Schema: public; Owner: admin
--

CREATE INDEX auth_group_permissions_group_id_b120cbf9 ON public.auth_group_permissions USING btree (group_id);


--
-- Name: auth_group_permissions_permission_id_84c5c92e; Type: INDEX; Schema: public; Owner: admin
--

CREATE INDEX auth_group_permissions_permission_id_84c5c92e ON public.auth_group_permissions USING btree (permission_id);


--
-- Name: auth_permission_content_type_id_2f476e4b; Type: INDEX; Schema: public; Owner: admin
--

CREATE INDEX auth_permission_content_type_id_2f476e4b ON public.auth_permission USING btree (content_type_id);


--
-- Name: auth_user_groups_group_id_97559544; Type: INDEX; Schema: public; Owner: admin
--

CREATE INDEX auth_user_groups_group_id_97559544 ON public.auth_user_groups USING btree (group_id);


--
-- Name: auth_user_groups_user_id_6a12ed8b; Type: INDEX; Schema: public; Owner: admin
--

CREATE INDEX auth_user_groups_user_id_6a12ed8b ON public.auth_user_groups USING btree (user_id);


--
-- Name: auth_user_user_permissions_permission_id_1fbb5f2c; Type: INDEX; Schema: public; Owner: admin
--

CREATE INDEX auth_user_user_permissions_permission_id_1fbb5f2c ON public.auth_user_user_permissions USING btree (permission_id);


--
-- Name: auth_user_user_permissions_user_id_a95ead1b; Type: INDEX; Schema: public; Owner: admin
--

CREATE INDEX auth_user_user_permissions_user_id_a95ead1b ON public.auth_user_user_permissions USING btree (user_id);


--
-- Name: auth_user_username_6821ab7c_like; Type: INDEX; Schema: public; Owner: admin
--

CREATE INDEX auth_user_username_6821ab7c_like ON public.auth_user USING btree (username varchar_pattern_ops);


--
-- Name: django_admin_log_content_type_id_c4bce8eb; Type: INDEX; Schema: public; Owner: admin
--

CREATE INDEX django_admin_log_content_type_id_c4bce8eb ON public.django_admin_log USING btree (content_type_id);


--
-- Name: django_admin_log_user_id_c564eba6; Type: INDEX; Schema: public; Owner: admin
--

CREATE INDEX django_admin_log_user_id_c564eba6 ON public.django_admin_log USING btree (user_id);


--
-- Name: django_session_expire_date_a5c62663; Type: INDEX; Schema: public; Owner: admin
--

CREATE INDEX django_session_expire_date_a5c62663 ON public.django_session USING btree (expire_date);


--
-- Name: django_session_session_key_c0390e0f_like; Type: INDEX; Schema: public; Owner: admin
--

CREATE INDEX django_session_session_key_c0390e0f_like ON public.django_session USING btree (session_key varchar_pattern_ops);


--
-- Name: mainapp_cars_url_016a3501_like; Type: INDEX; Schema: public; Owner: admin
--

CREATE INDEX mainapp_cars_url_016a3501_like ON public.mainapp_cars USING btree (url varchar_pattern_ops);


--
-- Name: mainapp_category_url_7dc86fa6_like; Type: INDEX; Schema: public; Owner: admin
--

CREATE INDEX mainapp_category_url_7dc86fa6_like ON public.mainapp_category USING btree (url varchar_pattern_ops);


--
-- Name: mainapp_partcard_article_d6d4db88_like; Type: INDEX; Schema: public; Owner: admin
--

CREATE INDEX mainapp_partcard_article_d6d4db88_like ON public.mainapp_partcard USING btree (article varchar_pattern_ops);


--
-- Name: mainapp_partcard_car_id_cf850149; Type: INDEX; Schema: public; Owner: admin
--

CREATE INDEX mainapp_partcard_car_id_cf850149 ON public.mainapp_partcard USING btree (car_id);


--
-- Name: mainapp_partcard_category_id_96d8ecd1; Type: INDEX; Schema: public; Owner: admin
--

CREATE INDEX mainapp_partcard_category_id_96d8ecd1 ON public.mainapp_partcard USING btree (category_id);


--
-- Name: mainapp_photo_part_card_id_e6f96257; Type: INDEX; Schema: public; Owner: admin
--

CREATE INDEX mainapp_photo_part_card_id_e6f96257 ON public.mainapp_photo USING btree (part_card_id);


--
-- Name: auth_group_permissions auth_group_permissio_permission_id_84c5c92e_fk_auth_perm; Type: FK CONSTRAINT; Schema: public; Owner: admin
--

ALTER TABLE ONLY public.auth_group_permissions
    ADD CONSTRAINT auth_group_permissio_permission_id_84c5c92e_fk_auth_perm FOREIGN KEY (permission_id) REFERENCES public.auth_permission(id) DEFERRABLE INITIALLY DEFERRED;


--
-- Name: auth_group_permissions auth_group_permissions_group_id_b120cbf9_fk_auth_group_id; Type: FK CONSTRAINT; Schema: public; Owner: admin
--

ALTER TABLE ONLY public.auth_group_permissions
    ADD CONSTRAINT auth_group_permissions_group_id_b120cbf9_fk_auth_group_id FOREIGN KEY (group_id) REFERENCES public.auth_group(id) DEFERRABLE INITIALLY DEFERRED;


--
-- Name: auth_permission auth_permission_content_type_id_2f476e4b_fk_django_co; Type: FK CONSTRAINT; Schema: public; Owner: admin
--

ALTER TABLE ONLY public.auth_permission
    ADD CONSTRAINT auth_permission_content_type_id_2f476e4b_fk_django_co FOREIGN KEY (content_type_id) REFERENCES public.django_content_type(id) DEFERRABLE INITIALLY DEFERRED;


--
-- Name: auth_user_groups auth_user_groups_group_id_97559544_fk_auth_group_id; Type: FK CONSTRAINT; Schema: public; Owner: admin
--

ALTER TABLE ONLY public.auth_user_groups
    ADD CONSTRAINT auth_user_groups_group_id_97559544_fk_auth_group_id FOREIGN KEY (group_id) REFERENCES public.auth_group(id) DEFERRABLE INITIALLY DEFERRED;


--
-- Name: auth_user_groups auth_user_groups_user_id_6a12ed8b_fk_auth_user_id; Type: FK CONSTRAINT; Schema: public; Owner: admin
--

ALTER TABLE ONLY public.auth_user_groups
    ADD CONSTRAINT auth_user_groups_user_id_6a12ed8b_fk_auth_user_id FOREIGN KEY (user_id) REFERENCES public.auth_user(id) DEFERRABLE INITIALLY DEFERRED;


--
-- Name: auth_user_user_permissions auth_user_user_permi_permission_id_1fbb5f2c_fk_auth_perm; Type: FK CONSTRAINT; Schema: public; Owner: admin
--

ALTER TABLE ONLY public.auth_user_user_permissions
    ADD CONSTRAINT auth_user_user_permi_permission_id_1fbb5f2c_fk_auth_perm FOREIGN KEY (permission_id) REFERENCES public.auth_permission(id) DEFERRABLE INITIALLY DEFERRED;


--
-- Name: auth_user_user_permissions auth_user_user_permissions_user_id_a95ead1b_fk_auth_user_id; Type: FK CONSTRAINT; Schema: public; Owner: admin
--

ALTER TABLE ONLY public.auth_user_user_permissions
    ADD CONSTRAINT auth_user_user_permissions_user_id_a95ead1b_fk_auth_user_id FOREIGN KEY (user_id) REFERENCES public.auth_user(id) DEFERRABLE INITIALLY DEFERRED;


--
-- Name: django_admin_log django_admin_log_content_type_id_c4bce8eb_fk_django_co; Type: FK CONSTRAINT; Schema: public; Owner: admin
--

ALTER TABLE ONLY public.django_admin_log
    ADD CONSTRAINT django_admin_log_content_type_id_c4bce8eb_fk_django_co FOREIGN KEY (content_type_id) REFERENCES public.django_content_type(id) DEFERRABLE INITIALLY DEFERRED;


--
-- Name: django_admin_log django_admin_log_user_id_c564eba6_fk_auth_user_id; Type: FK CONSTRAINT; Schema: public; Owner: admin
--

ALTER TABLE ONLY public.django_admin_log
    ADD CONSTRAINT django_admin_log_user_id_c564eba6_fk_auth_user_id FOREIGN KEY (user_id) REFERENCES public.auth_user(id) DEFERRABLE INITIALLY DEFERRED;


--
-- Name: mainapp_partcard mainapp_partcard_car_id_cf850149_fk_mainapp_cars_id; Type: FK CONSTRAINT; Schema: public; Owner: admin
--

ALTER TABLE ONLY public.mainapp_partcard
    ADD CONSTRAINT mainapp_partcard_car_id_cf850149_fk_mainapp_cars_id FOREIGN KEY (car_id) REFERENCES public.mainapp_cars(id) DEFERRABLE INITIALLY DEFERRED;


--
-- Name: mainapp_partcard mainapp_partcard_category_id_96d8ecd1_fk_mainapp_category_id; Type: FK CONSTRAINT; Schema: public; Owner: admin
--

ALTER TABLE ONLY public.mainapp_partcard
    ADD CONSTRAINT mainapp_partcard_category_id_96d8ecd1_fk_mainapp_category_id FOREIGN KEY (category_id) REFERENCES public.mainapp_category(id) DEFERRABLE INITIALLY DEFERRED;


--
-- Name: mainapp_photo mainapp_photo_part_card_id_e6f96257_fk_mainapp_partcard_id; Type: FK CONSTRAINT; Schema: public; Owner: admin
--

ALTER TABLE ONLY public.mainapp_photo
    ADD CONSTRAINT mainapp_photo_part_card_id_e6f96257_fk_mainapp_partcard_id FOREIGN KEY (part_card_id) REFERENCES public.mainapp_partcard(id) DEFERRABLE INITIALLY DEFERRED;


--
-- PostgreSQL database dump complete
--

